"date","city","price_index","study_permit_inflow_proxy","housing_starts","policy_rate","year","month","log_price_index","policy_rate_z","study_permit_inflow_proxy_z","housing_starts_z"
2016-01-01,"Hamilton",97.4,135,1.765,0.5,2016,1,4.57882621064849,-0.778863992924754,-0.561259867763151,-0.585281777487683
2016-02-01,"Hamilton",97.9,110,2.584,0.5,2016,2,4.58394654953646,-0.778863992924754,-0.571877748554158,-0.529711928369368
2016-03-01,"Hamilton",97.9,115,4.602,0.5,2016,3,4.58394654953646,-0.778863992924754,-0.569754172395956,-0.392788905755495
2016-04-01,"Hamilton",97.9,160,2.027,0.5,2016,4,4.58394654953646,-0.778863992924754,-0.550641986972144,-0.567504853838112
2016-05-01,"Hamilton",98.1,305,2.417,0.5,2016,5,4.58598736657132,-0.778863992924754,-0.489058278384303,-0.541043020924628
2016-06-01,"Hamilton",98.1,380,3.589,0.5,2016,6,4.58598736657132,-0.778863992924754,-0.457204636011282,-0.461521820476929
2016-07-01,"Hamilton",98.8,200,4.311,0.5,2016,7,4.59309760475382,-0.778863992924754,-0.533653377706533,-0.412533504160171
2016-08-01,"Hamilton",99,1080,2.098,0.5,2016,8,4.59511985013459,-0.778863992924754,-0.159903973863085,-0.562687443230786
2016-09-01,"Hamilton",99,440,1.626,0.5,2016,9,4.59511985013459,-0.778863992924754,-0.431721722112865,-0.594713046141463
2016-10-01,"Hamilton",99,110,3.207,0.5,2016,10,4.59511985013459,-0.778863992924754,-0.571877748554158,-0.487440846561418
2016-11-01,"Hamilton",99.7,155,2.017,0.5,2016,11,4.60216567696779,-0.778863992924754,-0.552765563130345,-0.568183362374355
2016-12-01,"Hamilton",100,690,9.333,0.5,2016,12,4.60517018598809,-0.778863992924754,-0.325542914202795,-0.07178651725885
2017-01-01,"Hamilton",100.6,185,2.686,0.5,2017,1,4.61115225766564,-0.778863992924754,-0.540024106181137,-0.522791141299687
2017-02-01,"Hamilton",101.6,85,4.668,0.5,2017,2,4.62104353514438,-0.778863992924754,-0.582495629345165,-0.38831074941629
2017-03-01,"Hamilton",101.6,80,1.037,0.5,2017,3,4.62104353514438,-0.778863992924754,-0.584619205503366,-0.634677198926186
2017-04-01,"Hamilton",101.6,110,2.51,0.5,2017,4,4.62104353514438,-0.778863992924754,-0.571877748554158,-0.534732891537567
2017-05-01,"Hamilton",101.6,185,1.836,0.5,2017,5,4.62104353514438,-0.778863992924754,-0.540024106181137,-0.580464366880357
2017-06-01,"Hamilton",101.6,240,2.198,0.5,2017,6,4.62104353514438,-0.778863992924754,-0.516664768440921,-0.555902357868354
2017-07-01,"Hamilton",103.1,405,2.938,0.666666666666667,2017,7,4.63569939102291,-0.680476362885859,-0.446586755220275,-0.505692726186359
2017-08-01,"Hamilton",103.1,1425,4.678,0.75,2017,8,4.63569939102291,-0.631282547866411,-0.0133772189471885,-0.387632240880047
2017-09-01,"Hamilton",103.1,645,1.738,0.964285714285714,2017,9,4.63569939102291,-0.504784166387832,-0.344655099626608,-0.58711375053554
2017-10-01,"Hamilton",103.1,185,1.715,1,2017,10,4.63569939102291,-0.483701102808068,-0.540024106181137,-0.588674320168899
2017-11-01,"Hamilton",103.1,170,5.065,1,2017,11,4.63569939102291,-0.483701102808068,-0.546394834655741,-0.361373960527436
2017-12-01,"Hamilton",103,565,4.128,1,2017,12,4.63472898822964,-0.483701102808068,-0.37863231815783,-0.424950210373422
2018-01-01,"Hamilton",103.2,240,2.303,1.1195652173913,2018,1,4.63666885304746,-0.413118672562776,-0.516664768440921,-0.548778018237801
2018-02-01,"Hamilton",103.1,100,2.147,1.25,2018,2,4.63569939102291,-0.336119657749725,-0.576124900870561,-0.559362751403194
2018-03-01,"Hamilton",103.2,100,0.966,1.25,2018,3,4.63666885304746,-0.336119657749725,-0.576124900870561,-0.639494609533513
2018-04-01,"Hamilton",103.4,230,7.619,1.25,2018,4,4.63860496207433,-0.336119657749725,-0.520911920757324,-0.18808288037093
2018-05-01,"Hamilton",103.6,295,4.848,1.25,2018,5,4.64053732982538,-0.336119657749725,-0.493305430700706,-0.376097595763913
2018-06-01,"Hamilton",103.7,595,6.453,1.25,2018,6,4.64150211523548,-0.336119657749725,-0.365890861208622,-0.267196975696884
2018-07-01,"Hamilton",103.8,430,3.499,1.42045454545455,2018,7,4.64246597073179,-0.235495945209943,-0.435968874429268,-0.467628397303117
2018-08-01,"Hamilton",103.9,1310,2.439,1.5,2018,8,4.64342889810518,-0.188538212691382,-0.0622194705858208,-0.539550302144894
2018-09-01,"Hamilton",103.5,430,5.143,1.5,2018,9,4.63957161270542,-0.188538212691382,-0.435968874429268,-0.356081593944739
2018-10-01,"Hamilton",103.7,200,4.008,1.56521739130435,2018,10,4.64150211523548,-0.150038705284857,-0.533653377706533,-0.43309231280834
2018-11-01,"Hamilton",103.8,255,2.214,1.75,2018,11,4.64246597073179,-0.0409567676330392,-0.510294039966317,-0.554816744210365
2018-12-01,"Hamilton",103.8,685,1.674,1.75,2018,12,4.64246597073179,-0.0409567676330392,-0.327666490360996,-0.591456205167496
2019-01-01,"Hamilton",103.8,255,4.074,1.75,2019,1,4.64246597073179,-0.0409567676330392,-0.510294039966317,-0.428614156469135
2019-02-01,"Hamilton",103.8,140,1.898,1.75,2019,2,4.64246597073179,-0.0409567676330392,-0.559136291604949,-0.576257613955649
2019-03-01,"Hamilton",103.6,230,2.119,1.75,2019,3,4.64053732982538,-0.0409567676330392,-0.520911920757324,-0.561262575304675
2019-04-01,"Hamilton",103.9,330,5.621,1.75,2019,4,4.64342889810518,-0.0409567676330392,-0.478440397593296,-0.323648885912316
2019-05-01,"Hamilton",103.9,390,2.924,1.75,2019,5,4.64342889810518,-0.0409567676330392,-0.452957483694879,-0.5066426381371
2019-06-01,"Hamilton",104.6,385,1.775,1.75,2019,6,4.65014355163082,-0.0409567676330392,-0.455081059853081,-0.58460326895144
2019-07-01,"Hamilton",104.7,655,1.443,1.75,2019,7,4.65109911787649,-0.0409567676330392,-0.340407947310205,-0.607129752354714
2019-08-01,"Hamilton",104.6,1865,2.234,1.75,2019,8,4.65014355163082,-0.0409567676330392,0.173497482974535,-0.553459727137878
2019-09-01,"Hamilton",104.8,485,2.242,1.75,2019,9,4.65205377188694,-0.0409567676330392,-0.412609536689053,-0.552916920308884
2019-10-01,"Hamilton",104.3,175,8.569,1.75,2019,10,4.64727136200673,-0.0409567676330392,-0.54427125849754,-0.123624569427828
2019-11-01,"Hamilton",104.4,135,4.343,1.75,2019,11,4.64822967544854,-0.0409567676330392,-0.561259867763151,-0.410362276844193
2019-12-01,"Hamilton",104.4,760,0.839,1.75,2019,12,4.64822967544854,-0.0409567676330392,-0.295812847987975,-0.648111667943801
2020-01-01,"Hamilton",104.4,235,1.698,1.75,2020,1,4.64822967544854,-0.0409567676330392,-0.518788344599123,-0.589827784680513
2020-02-01,"Hamilton",104.6,100,6.996,1.75,2020,2,4.65014355163082,-0.0409567676330392,-0.576124900870561,-0.230353962178879
2020-03-01,"Hamilton",105,95,1.421,0.954545454545455,2020,3,4.65396035015752,-0.510534092818676,-0.578248477028762,-0.608622471134449
2020-04-01,"Hamilton",105.1,235,0.917,0.25,2020,4,4.65491227788291,-0.926445437983097,-0.518788344599123,-0.642819301361104
2020-05-01,"Hamilton",105.2,490,1.201,0.25,2020,5,4.65586330030361,-0.926445437983097,-0.410485960530851,-0.623549658931798
2020-06-01,"Hamilton",105.1,295,2.717,0.25,2020,6,4.65491227788291,-0.926445437983097,-0.493305430700706,-0.520687764837333
2020-07-01,"Hamilton",106.7,240,6.944,0.25,2020,7,4.67002115830771,-0.926445437983097,-0.516664768440921,-0.233882206567344
2020-08-01,"Hamilton",108,750,3.569,0.25,2020,8,4.68213122712422,-0.926445437983097,-0.300060000304378,-0.462878837549415
2020-09-01,"Hamilton",110.5,915,2.708,0.25,2020,9,4.70501552095781,-0.926445437983097,-0.229981987083732,-0.521298422519952
2020-10-01,"Hamilton",110.5,165,6.275,0.25,2020,10,4.70501552095781,-0.926445437983097,-0.548518410813942,-0.279274427642012
2020-11-01,"Hamilton",110.7,145,2.578,0.25,2020,11,4.70682383971459,-0.926445437983097,-0.557012715446748,-0.530119033491113
2020-12-01,"Hamilton",111.7,245,4.13,0.25,2020,12,4.71581670607516,-0.926445437983097,-0.51454119228272,-0.424814508666173
2021-01-01,"Hamilton",116.1,245,2.54,0.25,2021,1,4.75445188870385,-0.926445437983097,-0.51454119228272,-0.532697365928837
2021-02-01,"Hamilton",116.1,185,7.912,0.25,2021,2,4.75445188870385,-0.926445437983097,-0.540024106181137,-0.168202580259005
2021-03-01,"Hamilton",116.1,235,1.628,0.25,2021,3,4.75445188870385,-0.926445437983097,-0.518788344599123,-0.594577344434215
2021-04-01,"Hamilton",116.1,375,6.725,0.25,2021,4,4.75445188870385,-0.926445437983097,-0.459328212169483,-0.24874154351107
2021-05-01,"Hamilton",116.1,430,3.965,0.25,2021,5,4.75445188870385,-0.926445437983097,-0.435968874429268,-0.436009899514185
2021-06-01,"Hamilton",116.1,505,4.765,0.25,2021,6,4.75445188870385,-0.926445437983097,-0.404115232056247,-0.381729216614731
2021-07-01,"Hamilton",116.1,515,2.895,0.25,2021,7,4.75445188870385,-0.926445437983097,-0.399868079739844,-0.508610312892205
2021-08-01,"Hamilton",116.1,1160,8.213,0.25,2021,8,4.75445188870385,-0.926445437983097,-0.125926755331863,-0.147779473318085
2021-09-01,"Hamilton",116.1,740,0.88,0.25,2021,9,4.75445188870385,-0.926445437983097,-0.304307152620781,-0.645329782945204
2021-10-01,"Hamilton",116.1,300,1.039,0.25,2021,10,4.75445188870385,-0.926445437983097,-0.491181854542505,-0.634541497218938
2021-11-01,"Hamilton",116.1,265,6.596,0.25,2021,11,4.75445188870385,-0.926445437983097,-0.506046887649914,-0.257494303628606
2021-12-01,"Hamilton",116.1,900,3.74,0.25,2021,12,4.75445188870385,-0.926445437983097,-0.236352715558336,-0.451276341579657
2022-01-01,"Hamilton",116.1,425,1.673,0.25,2022,1,4.75445188870385,-0.926445437983097,-0.438092450587469,-0.591524056021121
2022-02-01,"Hamilton",116.8,250,2.619,0.25,2022,2,4.76046307039413,-0.926445437983097,-0.512417616124519,-0.527337148492516
2022-03-01,"Hamilton",116.8,220,2.732,0.478260869565217,2022,3,4.76046307039413,-0.791697162060262,-0.525159073073727,-0.519670002032969
2022-04-01,"Hamilton",116.8,470,5.812,0.785714285714286,2022,4,4.76046307039413,-0.610199484286648,-0.418980265163657,-0.310689372870071
2022-05-01,"Hamilton",116.8,425,1.683,1,2022,5,4.76046307039413,-0.483701102808068,-0.438092450587469,-0.590845547484877
2022-06-01,"Hamilton",116.8,495,4.526,1.47727272727273,2022,6,4.76046307039413,-0.201954707696685,-0.40836238437265,-0.397945570630943
2022-07-01,"Hamilton",116.8,515,2.274,2.07142857142857,2022,7,4.76046307039413,0.148790804584829,-0.399868079739844,-0.550745692992906
2022-08-01,"Hamilton",116.8,2150,1.865,2.5,2022,8,4.76046307039413,0.40178756754199,0.294541323992015,-0.578496692125252
2022-09-01,"Hamilton",116.1,885,2.01,3.07142857142857,2022,9,4.75445188870385,0.739116584818201,-0.24272344403294,-0.568658318349726
2022-10-01,"Hamilton",116.1,255,4.273,3.32142857142857,2022,10,4.75445188870385,0.886698029876544,-0.510294039966317,-0.415111836597896
2022-11-01,"Hamilton",116.1,310,10.811,3.75,2022,11,4.75445188870385,1.1396947928337,-0.486934702226102,0.028497044397891
2022-12-01,"Hamilton",116.1,2185,1.974,4.13095238095238,2022,12,4.75445188870385,1.36458080435118,0.309406357099425,-0.571100949080201
2023-01-01,"Hamilton",116.1,400,2.028,4.29761904761905,2023,1,4.75445188870385,1.46296843439008,-0.448710331378476,-0.567437002984488
2023-02-01,"Hamilton",116.1,245,1.28,4.5,2023,2,4.75445188870385,1.58243912800873,-0.51454119228272,-0.618189441495477
2023-03-01,"Hamilton",116.1,295,0.799,4.5,2023,3,4.75445188870385,1.58243912800873,-0.493305430700706,-0.650825702088774
2023-04-01,"Hamilton",116.2,1050,6.833,4.5,2023,4,4.75531284441781,1.58243912800873,-0.172645430812294,-0.241413651319643
2023-05-01,"Hamilton",115.5,305,1.112,4.5,2023,5,4.74927052996185,1.58243912800873,-0.489058278384303,-0.629588384904363
2023-06-01,"Hamilton",115.5,460,3.798,4.69318181818182,2023,6,4.74927052996185,1.69647933555382,-0.42322741748006,-0.447340992069446
2023-07-01,"Hamilton",115.6,715,0.715,4.90476190476191,2023,7,4.75013595623828,1.82138051524605,-0.314925033411788,-0.656525173793217
2023-08-01,"Hamilton",115.6,3500,2.667,5,2023,8,4.75013595623828,1.87760201812542,0.867906886706394,-0.524080307518549
2023-09-01,"Hamilton",115.7,675,2.307,5,2023,9,4.75100063419963,1.87760201812542,-0.331913642677399,-0.548506614823303
2023-10-01,"Hamilton",115.2,260,14.348,5,2023,10,4.74666974826179,1.87760201812542,-0.508170463808116,0.268485513667101
2023-11-01,"Hamilton",114,345,1.001,5,2023,11,4.7361984483945,1.87760201812542,-0.472069669118692,-0.637119829656662
2023-12-01,"Hamilton",114,1725,7.625,5,2023,12,4.7361984483945,1.87760201812542,0.114037350544896,-0.187675775249184
2024-01-01,"Hamilton",114,580,3.255,5,2024,1,4.7361984483945,1.87760201812542,-0.372261589683226,-0.484184005587451
2024-02-01,"Hamilton",114,310,2.566,5,2024,2,4.7361984483945,1.87760201812542,-0.486934702226102,-0.530933243734605
2024-03-01,"Hamilton",114.2,350,0.714,5,2024,3,4.73795129722191,1.87760201812542,-0.46994609296049,-0.656593024646841
2024-04-01,"Hamilton",114.2,760,0.723,5,2024,4,4.73795129722191,1.87760201812542,-0.295812847987975,-0.655982366964222
2024-05-01,"Hamilton",114.2,335,5.423,5,2024,5,4.73795129722191,1.87760201812542,-0.476316821435095,-0.337083354929931
2024-06-01,"Hamilton",114.1,340,0.262,4.7875,2024,6,4.73707525686803,1.75215778982583,-0.474193245276893,-0.687261610485032
2024-07-01,"Hamilton",114.1,430,3.784,4.69565217391304,2024,7,4.73707525686803,1.6979376502283,-0.435968874429268,-0.448290904020187
2024-08-01,"Hamilton",114.2,1185,1.424,4.5,2024,8,4.73795129722191,1.58243912800873,-0.115308874540856,-0.608418918573576
2024-09-01,"Hamilton",114.1,600,5.397,4.28571428571429,2024,9,4.73707525686803,1.45594074653016,-0.36376728505042,-0.338847477124163
2024-10-01,"Hamilton",114.2,390,1.476,4.1195652173913,2024,10,4.73795129722191,1.35785866813734,-0.452957483694879,-0.604890674185111
2024-11-01,"Hamilton",114.2,375,0.651,3.75,2024,11,4.73795129722191,1.1396947928337,-0.459328212169483,-0.660867628425173
2024-12-01,"Hamilton",113.9,560,5.819,3.43181818181818,2024,12,4.73532087045314,0.951863862759449,-0.380755894316031,-0.310214416894701
2016-01-01,"Kitchener-Cambridge-Waterloo",96,265,1.87,0.5,2016,1,4.56434819146784,-0.778863992924754,-0.506046887649914,-0.57815743785713
2016-02-01,"Kitchener-Cambridge-Waterloo",96.1,235,3.782,0.5,2016,2,4.56538931597625,-0.778863992924754,-0.518788344599123,-0.448426605727435
2016-03-01,"Kitchener-Cambridge-Waterloo",96.2,180,1.896,0.5,2016,3,4.56642935767166,-0.778863992924754,-0.542147682339338,-0.576393315662898
2016-04-01,"Kitchener-Cambridge-Waterloo",97,270,1.76,0.5,2016,4,4.57471097850338,-0.778863992924754,-0.503923311491713,-0.585621031755805
2016-05-01,"Kitchener-Cambridge-Waterloo",97.3,445,2.938,0.5,2016,5,4.57779898919196,-0.778863992924754,-0.429598145954664,-0.505692726186359
2016-06-01,"Kitchener-Cambridge-Waterloo",97.4,590,4.537,0.5,2016,6,4.57882621064849,-0.778863992924754,-0.368014437366823,-0.397199211241076
2016-07-01,"Kitchener-Cambridge-Waterloo",97.5,470,7.827,0.5,2016,7,4.5798523780038,-0.778863992924754,-0.418980265163657,-0.173969902817072
2016-08-01,"Kitchener-Cambridge-Waterloo",98,1510,3.679,0.5,2016,8,4.58496747867057,-0.778863992924754,0.0227235757422354,-0.45541524365074
2016-09-01,"Kitchener-Cambridge-Waterloo",98,1020,4.88,0.5,2016,9,4.58496747867057,-0.778863992924754,-0.185386887761502,-0.373926368447935
2016-10-01,"Kitchener-Cambridge-Waterloo",98.7,325,2.961,0.5,2016,10,4.59208494643944,-0.778863992924754,-0.480563973751498,-0.504132156553
2016-11-01,"Kitchener-Cambridge-Waterloo",99.2,375,2.74,0.5,2016,11,4.59713801429083,-0.778863992924754,-0.459328212169483,-0.519127195203974
2016-12-01,"Kitchener-Cambridge-Waterloo",100,665,9.521,0.5,2016,12,4.60517018598809,-0.778863992924754,-0.336160794993802,-0.0590305567774783
2017-01-01,"Kitchener-Cambridge-Waterloo",101,220,3.952,0.5,2017,1,4.61512051684126,-0.778863992924754,-0.525159073073727,-0.436891960611301
2017-02-01,"Kitchener-Cambridge-Waterloo",101.5,185,2.014,0.5,2017,2,4.62005879848184,-0.778863992924754,-0.540024106181137,-0.568386914935228
2017-03-01,"Kitchener-Cambridge-Waterloo",101.7,220,2.342,0.5,2017,3,4.62202730305451,-0.778863992924754,-0.525159073073727,-0.546131834946452
2017-04-01,"Kitchener-Cambridge-Waterloo",103.2,385,2.245,0.5,2017,4,4.63666885304746,-0.778863992924754,-0.455081059853081,-0.552713367748011
2017-05-01,"Kitchener-Cambridge-Waterloo",103.6,395,3.398,0.5,2017,5,4.64053732982538,-0.778863992924754,-0.450833907536678,-0.474481333519173
2017-06-01,"Kitchener-Cambridge-Waterloo",103.7,315,2.48,0.5,2017,6,4.64150211523548,-0.778863992924754,-0.4848111260679,-0.536768417146296
2017-07-01,"Kitchener-Cambridge-Waterloo",103.7,715,4.455,0.666666666666667,2017,7,4.64150211523548,-0.680476362885859,-0.314925033411788,-0.40276298123827
2017-08-01,"Kitchener-Cambridge-Waterloo",103.7,2330,7.585,0.75,2017,8,4.64150211523548,-0.631282547866411,0.370990065687266,-0.190389809394157
2017-09-01,"Kitchener-Cambridge-Waterloo",103.7,1300,5.683,0.964285714285714,2017,9,4.64150211523548,-0.504784166387832,-0.0664666229022236,-0.319442132987608
2017-10-01,"Kitchener-Cambridge-Waterloo",103.6,460,2.063,1,2017,10,4.64053732982538,-0.483701102808068,-0.42322741748006,-0.565062223107637
2017-11-01,"Kitchener-Cambridge-Waterloo",103.6,365,7.964,1,2017,11,4.64053732982538,-0.483701102808068,-0.463575364485886,-0.16467433587054
2017-12-01,"Kitchener-Cambridge-Waterloo",103.6,935,2.313,1,2017,12,4.64053732982538,-0.483701102808068,-0.221487682450926,-0.548099509701557
2018-01-01,"Kitchener-Cambridge-Waterloo",103.6,445,8.889,1.1195652173913,2018,1,4.64053732982538,-0.413118672562776,-0.429598145954664,-0.101912296268047
2018-02-01,"Kitchener-Cambridge-Waterloo",103.6,265,2.692,1.25,2018,2,4.64053732982538,-0.336119657749725,-0.506046887649914,-0.522384036177941
2018-03-01,"Kitchener-Cambridge-Waterloo",103.6,405,5.032,1.25,2018,3,4.64053732982538,-0.336119657749725,-0.446586755220275,-0.363613038697039
2018-04-01,"Kitchener-Cambridge-Waterloo",103.6,1220,1.29,1.25,2018,4,4.64053732982538,-0.336119657749725,-0.100443841433446,-0.617510932959234
2018-05-01,"Kitchener-Cambridge-Waterloo",103.8,600,2.115,1.25,2018,5,4.64246597073179,-0.336119657749725,-0.36376728505042,-0.561533978719172
2018-06-01,"Kitchener-Cambridge-Waterloo",103.8,975,3.398,1.25,2018,6,4.64246597073179,-0.336119657749725,-0.204499073185315,-0.474481333519173
2018-07-01,"Kitchener-Cambridge-Waterloo",103.8,840,1.395,1.42045454545455,2018,7,4.64246597073179,-0.235495945209943,-0.261835629456753,-0.610386593328681
2018-08-01,"Kitchener-Cambridge-Waterloo",103.8,3000,1.95,1.5,2018,8,4.64246597073179,-0.188538212691382,0.655549270886254,-0.572729369567185
2018-09-01,"Kitchener-Cambridge-Waterloo",103.8,1190,4.064,1.5,2018,9,4.64246597073179,-0.188538212691382,-0.113185298382654,-0.429292665005378
2018-10-01,"Kitchener-Cambridge-Waterloo",103.8,375,1.311,1.56521739130435,2018,10,4.64246597073179,-0.150038705284857,-0.459328212169483,-0.616086065033123
2018-11-01,"Kitchener-Cambridge-Waterloo",103.9,690,3.55,1.75,2018,11,4.64342889810518,-0.0409567676330392,-0.325542914202795,-0.464168003768277
2018-12-01,"Kitchener-Cambridge-Waterloo",103.9,1430,1.782,1.75,2018,12,4.64342889810518,-0.0409567676330392,-0.0112536427889871,-0.58412831297607
2019-01-01,"Kitchener-Cambridge-Waterloo",103.9,510,2.657,1.75,2019,1,4.64342889810518,-0.0409567676330392,-0.401991655898046,-0.524758816054792
2019-02-01,"Kitchener-Cambridge-Waterloo",104,510,1.08,1.75,2019,2,4.64439089914137,-0.0409567676330392,-0.401991655898046,-0.631759612220341
2019-03-01,"Kitchener-Cambridge-Waterloo",104,540,1.374,1.75,2019,3,4.64439089914137,-0.0409567676330392,-0.389250198948837,-0.611811461254791
2019-04-01,"Kitchener-Cambridge-Waterloo",104.3,1475,14.041,1.75,2019,4,4.64727136200673,-0.0409567676330392,0.00785854263482558,0.247655301604436
2019-05-01,"Kitchener-Cambridge-Waterloo",104.3,890,1.74,1.75,2019,5,4.64727136200673,-0.0409567676330392,-0.240599867874739,-0.586978048828291
2019-06-01,"Kitchener-Cambridge-Waterloo",104.5,695,3.843,1.75,2019,6,4.64918707140487,-0.0409567676330392,-0.323419338044594,-0.444287703656352
2019-07-01,"Kitchener-Cambridge-Waterloo",104.4,985,5.143,1.75,2019,7,4.64822967544854,-0.0409567676330392,-0.200251920868912,-0.356081593944739
2019-08-01,"Kitchener-Cambridge-Waterloo",106,4670,10.107,1.75,2019,8,4.66343909411207,-0.0409567676330392,1.36482370772552,-0.0192699565536285
2019-09-01,"Kitchener-Cambridge-Waterloo",107.6,1060,8.045,1.75,2019,9,4.67842064772768,-0.0409567676330392,-0.168398278495891,-0.159178416726971
2019-10-01,"Kitchener-Cambridge-Waterloo",107.7,340,5.781,1.75,2019,10,4.67934958416234,-0.0409567676330392,-0.474193245276893,-0.312792749332425
2019-11-01,"Kitchener-Cambridge-Waterloo",107.8,300,5.001,1.75,2019,11,4.6802776584749,-0.0409567676330392,-0.491181854542505,-0.365716415159393
2019-12-01,"Kitchener-Cambridge-Waterloo",107.8,2100,7.13,1.75,2019,12,4.6802776584749,-0.0409567676330392,0.273305562410001,-0.221261947793221
2020-01-01,"Kitchener-Cambridge-Waterloo",107.8,745,4.69,1.75,2020,1,4.6802776584749,-0.0409567676330392,-0.302183576462579,-0.386818030636555
2020-02-01,"Kitchener-Cambridge-Waterloo",108.8,255,3.656,1.75,2020,2,4.68951133442184,-0.0409567676330392,-0.510294039966317,-0.456975813284099
2020-03-01,"Kitchener-Cambridge-Waterloo",109.4,220,5.468,0.954545454545455,2020,3,4.69501088998788,-0.510534092818676,-0.525159073073727,-0.334030066516836
2020-04-01,"Kitchener-Cambridge-Waterloo",109.9,640,1.062,0.25,2020,4,4.69957086140958,-0.926445437983097,-0.346778675784809,-0.632980927585578
2020-05-01,"Kitchener-Cambridge-Waterloo",110,1090,1.539,0.25,2020,5,4.70048036579242,-0.926445437983097,-0.155656821546683,-0.600616070406779
2020-06-01,"Kitchener-Cambridge-Waterloo",110.8,680,7.411,0.25,2020,6,4.70772677431318,-0.926445437983097,-0.329790066519198,-0.202195857924788
2020-07-01,"Kitchener-Cambridge-Waterloo",111.6,470,2.105,0.25,2020,7,4.71492104994721,-0.926445437983097,-0.418980265163657,-0.562212487255415
2020-08-01,"Kitchener-Cambridge-Waterloo",112.3,1630,2.331,0.25,2020,8,4.7211738617444,-0.926445437983097,0.0736894035390691,-0.54687819433632
2020-09-01,"Kitchener-Cambridge-Waterloo",113.1,1745,7.775,0.25,2020,9,4.72827238312207,-0.926445437983097,0.122531655177701,-0.177498147205536
2020-10-01,"Kitchener-Cambridge-Waterloo",114.9,395,2.94,0.25,2020,10,4.74406218485471,-0.926445437983097,-0.450833907536678,-0.505557024479111
2020-11-01,"Kitchener-Cambridge-Waterloo",117.3,415,2.266,0.25,2020,11,4.76473475565943,-0.926445437983097,-0.442339602903872,-0.5512884998219
2020-12-01,"Kitchener-Cambridge-Waterloo",118.4,700,3.753,0.25,2020,12,4.7740687224499,-0.926445437983097,-0.321295761886392,-0.450394280482541
2021-01-01,"Kitchener-Cambridge-Waterloo",121.8,935,10.55,0.25,2021,1,4.8023803552758,-0.926445437983097,-0.221487682450926,0.0107879716019442
2021-02-01,"Kitchener-Cambridge-Waterloo",126.2,650,1.181,0.25,2021,2,4.83786795010711,-0.926445437983097,-0.342531523468406,-0.624906676004285
2021-03-01,"Kitchener-Cambridge-Waterloo",128.2,945,4.417,0.25,2021,3,4.85359154448657,-0.926445437983097,-0.217240530134523,-0.405341313675994
2021-04-01,"Kitchener-Cambridge-Waterloo",134,1265,10.843,0.25,2021,4,4.89783979995091,-0.926445437983097,-0.0813316560096334,0.0306682717138691
2021-05-01,"Kitchener-Cambridge-Waterloo",139.7,810,6.303,0.25,2021,5,4.93949726626292,-0.926445437983097,-0.274577086405961,-0.277374603740531
2021-06-01,"Kitchener-Cambridge-Waterloo",141.5,1260,3.035,0.25,2021,6,4.95229971708329,-0.926445437983097,-0.0834552321678348,-0.4991111933848
2021-07-01,"Kitchener-Cambridge-Waterloo",142.5,1835,5.855,0.25,2021,7,4.95934199970871,-0.926445437983097,0.160756026025327,-0.307771786164226
2021-08-01,"Kitchener-Cambridge-Waterloo",142.5,3825,5.508,0.25,2021,8,4.95934199970871,-0.926445437983097,1.00593933698949,-0.331316032371864
2021-09-01,"Kitchener-Cambridge-Waterloo",143.1,3585,2.779,0.25,2021,9,4.9635436865624,-0.926445437983097,0.904007681395818,-0.516481011912626
2021-10-01,"Kitchener-Cambridge-Waterloo",148.5,1215,7.274,0.25,2021,10,5.00058495824275,-0.926445437983097,-0.102567417591647,-0.211491424871319
2021-11-01,"Kitchener-Cambridge-Waterloo",151.3,710,3.209,0.25,2021,11,5.01926462079431,-0.926445437983097,-0.317048609569989,-0.487305144854169
2021-12-01,"Kitchener-Cambridge-Waterloo",154.7,2125,6.471,0.25,2021,12,5.04148775757902,-0.926445437983097,0.283923443201008,-0.265975660331646
2022-01-01,"Kitchener-Cambridge-Waterloo",154.7,1155,1.547,0.25,2022,1,5.04148775757902,-0.926445437983097,-0.128050331490064,-0.600073263577784
2022-02-01,"Kitchener-Cambridge-Waterloo",157.9,1075,2.195,0.25,2022,2,5.0619619212616,-0.926445437983097,-0.162027550021287,-0.556105910429227
2022-03-01,"Kitchener-Cambridge-Waterloo",159.5,1110,3.991,0.478260869565217,2022,3,5.0720439222249,-0.791697162060262,-0.147162516913877,-0.434245777319953
2022-04-01,"Kitchener-Cambridge-Waterloo",159.5,1860,2.552,0.785714285714286,2022,4,5.0720439222249,-0.610199484286648,0.171373906816334,-0.531883155685346
2022-05-01,"Kitchener-Cambridge-Waterloo",159.5,1790,2.44,1,2022,5,5.0720439222249,-0.483701102808068,0.141643840601514,-0.539482451291269
2022-06-01,"Kitchener-Cambridge-Waterloo",160.2,1435,6.002,1.47727272727273,2022,6,5.07642303463426,-0.201954707696685,-0.00913006663078566,-0.297797710681451
2022-07-01,"Kitchener-Cambridge-Waterloo",159,1310,4.829,2.07142857142857,2022,7,5.06890420222023,0.148790804584829,-0.0622194705858208,-0.377386761982775
2022-08-01,"Kitchener-Cambridge-Waterloo",159.4,4665,4.865,2.5,2022,8,5.07141676635611,0.40178756754199,1.36270013156732,-0.3749441312523
2022-09-01,"Kitchener-Cambridge-Waterloo",158.4,3165,3.725,3.07142857142857,2022,9,5.06512347938033,0.739116584818201,0.7256272841069,-0.452294104384021
2022-10-01,"Kitchener-Cambridge-Waterloo",158.8,1210,5.557,3.32142857142857,2022,10,5.06764554881304,0.886698029876544,-0.104690993749849,-0.327991340544272
2022-11-01,"Kitchener-Cambridge-Waterloo",158.8,845,12.094,3.75,2022,11,5.06764554881304,1.1396947928337,-0.259712053298551,0.11554968959789
2022-12-01,"Kitchener-Cambridge-Waterloo",158.8,6520,8.051,4.13095238095238,2022,12,5.06764554881304,1.36458080435118,2.15054688626004,-0.158771311605225
2023-01-01,"Kitchener-Cambridge-Waterloo",157.3,1795,5.188,4.29761904761905,2023,1,5.05815481006423,1.46296843439008,0.143767416759715,-0.353028305531645
2023-02-01,"Kitchener-Cambridge-Waterloo",156.2,765,5.128,4.5,2023,2,5.05113723740559,1.58243912800873,-0.293689271829774,-0.357099356749104
2023-03-01,"Kitchener-Cambridge-Waterloo",156.3,825,1.693,4.5,2023,3,5.05177723742743,1.58243912800873,-0.268206357931357,-0.590167038948634
2023-04-01,"Kitchener-Cambridge-Waterloo",157.1,5930,1.243,4.5,2023,4,5.05688254526158,1.58243912800873,1.89996489959228,-0.620699923079577
2023-05-01,"Kitchener-Cambridge-Waterloo",157.5,2655,2.568,4.5,2023,5,5.05942545826569,1.58243912800873,0.509022515970357,-0.530797542027357
2023-06-01,"Kitchener-Cambridge-Waterloo",158.8,1040,1.636,4.69318181818182,2023,6,5.06764554881304,1.69647933555382,-0.176892583128697,-0.59403453760522
2023-07-01,"Kitchener-Cambridge-Waterloo",158.5,1920,3.373,4.90476190476191,2023,7,5.06575459331733,1.82138051524605,0.196856820714751,-0.476177604859781
2023-08-01,"Kitchener-Cambridge-Waterloo",158.5,11380,2.362,5,2023,8,5.06575459331733,1.87760201812542,4.21466291203181,-0.544774817873966
2023-09-01,"Kitchener-Cambridge-Waterloo",158.5,2875,6.526,5,2023,9,5.06575459331733,1.87760201812542,0.602459866931219,-0.262243863382309
2023-10-01,"Kitchener-Cambridge-Waterloo",158.8,635,4.089,5,2023,10,5.06764554881304,1.87760201812542,-0.34890225194301,-0.42759639366477
2023-11-01,"Kitchener-Cambridge-Waterloo",157.5,940,4.7,5,2023,11,5.05942545826569,1.87760201812542,-0.219364106292725,-0.386139522100312
2023-12-01,"Kitchener-Cambridge-Waterloo",156.8,7160,18.096,5,2023,12,5.05497110791631,1.87760201812542,2.42236463450982,0.522790513051043
2024-01-01,"Kitchener-Cambridge-Waterloo",156.9,2025,2.331,5,2024,1,5.05560865973899,1.87760201812542,0.24145192003698,-0.54687819433632
2024-02-01,"Kitchener-Cambridge-Waterloo",156.9,940,2.066,5,2024,2,5.05560865973899,1.87760201812542,-0.219364106292725,-0.564858670546764
2024-03-01,"Kitchener-Cambridge-Waterloo",156.5,1455,1.461,5,2024,3,5.05305600998021,1.87760201812542,-0.000635761997980037,-0.605908436989476
2024-04-01,"Kitchener-Cambridge-Waterloo",155.9,3435,6.159,5,2024,4,5.04921477606373,1.87760201812542,0.840300396649776,-0.287145126662433
2024-05-01,"Kitchener-Cambridge-Waterloo",155.3,1050,0.802,5,2024,5,5.04535873015464,1.87760201812542,-0.172645430812294,-0.650622149527901
2024-06-01,"Kitchener-Cambridge-Waterloo",154.9,925,6.871,4.7875,2024,6,5.04277974742282,1.75215778982583,-0.225734834767329,-0.238835318881919
2024-07-01,"Kitchener-Cambridge-Waterloo",154.2,1215,2.847,4.69565217391304,2024,7,5.03825046112923,1.6979376502283,-0.102567417591647,-0.511867153866172
2024-08-01,"Kitchener-Cambridge-Waterloo",154,4320,3.955,4.5,2024,8,5.03695260241363,1.58243912800873,1.21617337665142,-0.436688408050428
2024-09-01,"Kitchener-Cambridge-Waterloo",154.1,1835,1.764,4.28571428571429,2024,9,5.03760174232607,1.45594074653016,0.160756026025327,-0.585349628341308
2024-10-01,"Kitchener-Cambridge-Waterloo",154.3,1160,3.714,4.1195652173913,2024,10,5.03889875936911,1.35785866813734,-0.125926755331863,-0.453040463773889
2024-11-01,"Kitchener-Cambridge-Waterloo",154.7,1250,0.942,3.75,2024,11,5.04148775757902,1.1396947928337,-0.0877023844842376,-0.641123030020496
2024-12-01,"Kitchener-Cambridge-Waterloo",154.6,2685,7.962,3.43181818181818,2024,12,5.04084113615332,0.951863862759449,0.521763972919566,-0.164810037577789
2016-01-01,"London",97.3,235,2.178,0.5,2016,1,4.57779898919196,-0.778863992924754,-0.518788344599123,-0.55725937494084
2016-02-01,"London",97.6,220,1.554,0.5,2016,2,4.58087749341905,-0.778863992924754,-0.525159073073727,-0.599598307602414
2016-03-01,"London",98.4,210,1.365,0.5,2016,3,4.58904080405821,-0.778863992924754,-0.52940622539013,-0.61242211893741
2016-04-01,"London",98.3,350,2.158,0.5,2016,4,4.58802402715312,-0.778863992924754,-0.46994609296049,-0.558616392013327
2016-05-01,"London",98.3,345,6.139,0.5,2016,5,4.58802402715312,-0.778863992924754,-0.472069669118692,-0.288502143734919
2016-06-01,"London",98.3,410,5.508,0.5,2016,6,4.58802402715312,-0.778863992924754,-0.444463179062074,-0.331316032371864
2016-07-01,"London",98.2,275,1.866,0.5,2016,7,4.58700621536042,-0.778863992924754,-0.501799735333512,-0.578428841271627
2016-08-01,"London",98.6,1295,4.586,0.5,2016,8,4.59107126160859,-0.778863992924754,-0.068590199060425,-0.393874519413484
2016-09-01,"London",98.8,795,2.027,0.5,2016,9,4.59309760475382,-0.778863992924754,-0.280947814880565,-0.567504853838112
2016-10-01,"London",98.8,175,4.913,0.5,2016,10,4.59309760475382,-0.778863992924754,-0.54427125849754,-0.371687290278332
2016-11-01,"London",100.1,285,2.616,0.5,2016,11,4.60616968632117,-0.778863992924754,-0.497552583017109,-0.527540701053389
2016-12-01,"London",100,1100,2.555,0.5,2016,12,4.60517018598809,-0.778863992924754,-0.15140966923028,-0.531679603124473
2017-01-01,"London",100.9,190,7.048,0.5,2017,1,4.61412992735956,-0.778863992924754,-0.537900530022935,-0.226825717790415
2017-02-01,"London",101,120,3.314,0.5,2017,2,4.61512051684126,-0.778863992924754,-0.567630596237755,-0.480180805223616
2017-03-01,"London",101.2,205,3.361,0.5,2017,3,4.61709875685337,-0.778863992924754,-0.531529801548331,-0.476991815103273
2017-04-01,"London",103.2,405,2.132,0.5,2017,4,4.63666885304746,-0.778863992924754,-0.446586755220275,-0.560380514207559
2017-05-01,"London",104.7,335,2.657,0.5,2017,5,4.65109911787649,-0.778863992924754,-0.476316821435095,-0.524758816054792
2017-06-01,"London",104.6,270,5.881,0.5,2017,6,4.65014355163082,-0.778863992924754,-0.503923311491713,-0.306007663969993
2017-07-01,"London",105.5,445,2.36,0.666666666666667,2017,7,4.65871095291612,-0.680476362885859,-0.429598145954664,-0.544910519581215
2017-08-01,"London",106.6,1875,4.26,0.75,2017,8,4.66908351173174,-0.631282547866411,0.177744635290938,-0.415993897695012
2017-09-01,"London",106.8,740,4.068,0.964285714285714,2017,9,4.67095792652609,-0.504784166387832,-0.304307152620781,-0.429021261590881
2017-10-01,"London",106.8,325,2.284,1,2017,10,4.67095792652609,-0.483701102808068,-0.480563973751498,-0.550067184456663
2017-11-01,"London",107.2,395,7.598,1,2017,11,4.6746962486367,-0.483701102808068,-0.450833907536678,-0.189507748297041
2017-12-01,"London",107.3,1045,2.511,1,2017,12,4.67562864963665,-0.483701102808068,-0.174769006970495,-0.534665040683943
2018-01-01,"London",107.8,475,1.521,1.1195652173913,2018,1,4.6802776584749,-0.413118672562776,-0.416856689005455,-0.601837385772017
2018-02-01,"London",108.2,185,2.066,1.25,2018,2,4.68398136641238,-0.336119657749725,-0.540024106181137,-0.564858670546764
2018-03-01,"London",109,245,2.173,1.25,2018,3,4.69134788222914,-0.336119657749725,-0.51454119228272,-0.557598629208962
2018-04-01,"London",109.2,735,4.47,1.25,2018,4,4.6931810633108,-0.336119657749725,-0.306430728778982,-0.401745218433905
2018-05-01,"London",109.5,510,1.975,1.25,2018,5,4.69592454925656,-0.336119657749725,-0.401991655898046,-0.571033098226577
2018-06-01,"London",109.6,620,7.008,1.25,2018,6,4.69683737451392,-0.336119657749725,-0.355272980417615,-0.229539751935388
2018-07-01,"London",110.1,480,2.538,1.42045454545455,2018,7,4.70138904372863,-0.235495945209943,-0.414733112847254,-0.532833067636086
2018-08-01,"London",110.4,2220,0.985,1.5,2018,8,4.704110133843,-0.188538212691382,0.324271390206835,-0.638205443314651
2018-09-01,"London",110.9,620,2.75,1.5,2018,9,4.70862889435632,-0.188538212691382,-0.355272980417615,-0.518448686667731
2018-10-01,"London",111,270,2.635,1.56521739130435,2018,10,4.70953020131233,-0.150038705284857,-0.503923311491713,-0.526251534834527
2018-11-01,"London",111.1,480,2.752,1.75,2018,11,4.71043069664558,-0.0409567676330392,-0.414733112847254,-0.518312984960482
2018-12-01,"London",111.2,1350,1.732,1.75,2018,12,4.71133038181648,-0.0409567676330392,-0.0452308613202095,-0.587520855657286
2019-01-01,"London",111.2,550,3.758,1.75,2019,1,4.71133038181648,-0.0409567676330392,-0.385003046632434,-0.450055026214419
2019-02-01,"London",111.9,280,1.049,1.75,2019,2,4.71760561531788,-0.0409567676330392,-0.49967615917531,-0.633862988682695
2019-03-01,"London",112.2,395,2.456,1.75,2019,3,4.7202829930886,-0.0409567676330392,-0.450833907536678,-0.53839683763328
2019-04-01,"London",112.6,890,5.24,1.75,2019,4,4.72384171570559,-0.0409567676330392,-0.240599867874739,-0.349500061143181
2019-05-01,"London",112.8,535,1.97,1.75,2019,5,4.72561633906396,-0.0409567676330392,-0.391373775107038,-0.571372352494698
2019-06-01,"London",113.2,390,5.11,1.75,2019,6,4.72915616576908,-0.0409567676330392,-0.452957483694879,-0.358320672114342
2019-07-01,"London",113.4,625,2.93,1.75,2019,7,4.73092139129365,-0.0409567676330392,-0.353149404259413,-0.506235533015354
2019-08-01,"London",113.4,3000,6.532,1.75,2019,8,4.73092139129365,-0.0409567676330392,0.655549270886254,-0.261836758260563
2019-09-01,"London",114.1,855,3.339,1.75,2019,9,4.73707525686803,-0.0409567676330392,-0.255464900982149,-0.478484533883008
2019-10-01,"London",114.3,255,3.073,1.75,2019,10,4.73882657080077,-0.0409567676330392,-0.510294039966317,-0.496532860947076
2019-11-01,"London",114.4,235,2.593,1.75,2019,11,4.7397010789457,-0.0409567676330392,-0.518788344599123,-0.529101270686749
2019-12-01,"London",114.4,1400,2.604,1.75,2019,12,4.7397010789457,-0.0409567676330392,-0.0239950997381955,-0.528354911296881
2020-01-01,"London",114.7,395,4.682,1.75,2020,1,4.74232002413533,-0.0409567676330392,-0.450833907536678,-0.38736083746555
2020-02-01,"London",114.8,255,2.637,1.75,2020,2,4.74319148388547,-0.0409567676330392,-0.510294039966317,-0.526115833127279
2020-03-01,"London",115.5,225,4.243,0.954545454545455,2020,3,4.74927052996185,-0.510534092818676,-0.523035496915526,-0.417147362206625
2020-04-01,"London",115.8,455,3.489,0.25,2020,4,4.7518645651389,-0.926445437983097,-0.425350993638261,-0.46830690583936
2020-05-01,"London",116.2,860,1.587,0.25,2020,5,4.75531284441781,-0.926445437983097,-0.253341324823947,-0.597359229432812
2020-06-01,"London",116.3,505,2.78,0.25,2020,6,4.75617305952462,-0.926445437983097,-0.404115232056247,-0.516413161059001
2020-07-01,"London",116.7,325,3.311,0.25,2020,7,4.75960653929251,-0.926445437983097,-0.480563973751498,-0.480384357784489
2020-08-01,"London",117.3,960,2.471,0.25,2020,8,4.76473475565943,-0.926445437983097,-0.210869801659919,-0.537379074828915
2020-09-01,"London",117.8,1355,4.499,0.25,2020,9,4.76898827121749,-0.926445437983097,-0.0431072851620081,-0.3997775436788
2020-10-01,"London",117.9,390,3.522,0.25,2020,10,4.76983680754333,-0.926445437983097,-0.452957483694879,-0.466067827669758
2020-11-01,"London",118.1,300,15.231,0.25,2020,11,4.77153172320332,-0.926445437983097,-0.491181854542505,0.328397817417373
2020-12-01,"London",119,595,2.904,0.25,2020,12,4.77912349311153,-0.926445437983097,-0.365890861208622,-0.507999655209586
2021-01-01,"London",121.2,510,3.435,0.25,2021,1,4.79744207363521,-0.926445437983097,-0.401991655898046,-0.471970851935073
2021-02-01,"London",121.8,375,9.092,0.25,2021,2,4.8023803552758,-0.926445437983097,-0.459328212169483,-0.0881385729823104
2021-03-01,"London",124.4,495,3.298,0.25,2021,3,4.82350218030508,-0.926445437983097,-0.40836238437265,-0.481266418881605
2021-04-01,"London",125,995,9.443,0.25,2021,4,4.8283137373023,-0.926445437983097,-0.196004768552509,-0.0643229233601751
2021-05-01,"London",130.1,575,6.198,0.25,2021,5,4.86830338551846,-0.926445437983097,-0.374385165841427,-0.284498943371085
2021-06-01,"London",131.1,765,10.631,0.25,2021,6,4.87596039076965,-0.926445437983097,-0.293689271829774,0.0162838907455139
2021-07-01,"London",131.2,795,7.015,0.25,2021,7,4.87672287650999,-0.926445437983097,-0.280947814880565,-0.229064795960018
2021-08-01,"London",136.3,2460,4.546,0.25,2021,8,4.91485833870249,-0.926445437983097,0.426203045800502,-0.396588553558457
2021-09-01,"London",136.3,1435,4.921,0.25,2021,9,4.91485833870249,-0.926445437983097,-0.00913006663078566,-0.371144483449338
2021-10-01,"London",139.6,480,2.726,0.25,2021,10,4.93878119032827,-0.926445437983097,-0.414733112847254,-0.520077107154714
2021-11-01,"London",143.5,375,3.239,0.25,2021,11,4.96633503519968,-0.926445437983097,-0.459328212169483,-0.48526961924544
2021-12-01,"London",143.5,1610,3.203,0.25,2021,12,4.96633503519968,-0.926445437983097,0.0651950989062635,-0.487712249975915
2022-01-01,"London",144.7,720,4.914,0.25,2022,1,4.97466263363744,-0.926445437983097,-0.312801457253587,-0.371619439424708
2022-02-01,"London",145.2,550,2.318,0.25,2022,2,4.9781121023907,-0.926445437983097,-0.385003046632434,-0.547760255433436
2022-03-01,"London",147.2,450,2.755,0.478260869565217,2022,3,4.99179220629478,-0.791697162060262,-0.427474569796462,-0.518109432399609
2022-04-01,"London",147.2,1300,2.656,0.785714285714286,2022,4,4.99179220629478,-0.610199484286648,-0.0664666229022236,-0.524826666908417
2022-05-01,"London",147.8,685,5.938,1,2022,5,4.9958600085141,-0.483701102808068,-0.327666490360996,-0.302140165313407
2022-06-01,"London",147.8,660,2.871,1.47727272727273,2022,6,4.9958600085141,-0.201954707696685,-0.338284371152003,-0.510238733379188
2022-07-01,"London",148.1,720,3.505,2.07142857142857,2022,7,4.99788772127375,0.148790804584829,-0.312801457253587,-0.467221292181371
2022-08-01,"London",148.1,3275,1.815,2.5,2022,8,4.99788772127375,0.40178756754199,0.772345959587331,-0.581889234806467
2022-09-01,"London",148.1,1120,3.547,3.07142857142857,2022,9,4.99788772127375,0.739116584818201,-0.142915364597474,-0.46437155632915
2022-10-01,"London",147.5,330,4.425,3.32142857142857,2022,10,4.99382817577987,0.886698029876544,-0.478440397593296,-0.404798506846999
2022-11-01,"London",147.5,465,3.541,3.75,2022,11,4.99382817577987,1.1396947928337,-0.421103841321858,-0.464778661450896
2022-12-01,"London",147.1,2690,2.51,4.13095238095238,2022,12,4.99111262760739,1.36458080435118,0.523887549077767,-0.534732891537567
2023-01-01,"London",147.1,590,4.08,4.29761904761905,2023,1,4.99111262760739,1.46296843439008,-0.368014437366823,-0.428207051347389
2023-02-01,"London",146.4,425,0.772,4.5,2023,2,4.98634260152721,1.58243912800873,-0.438092450587469,-0.65265767513663
2023-03-01,"London",147.2,500,2.444,4.5,2023,3,4.99179220629478,1.58243912800873,-0.406238808214448,-0.539211047876772
2023-04-01,"London",145.7,2000,2.643,4.5,2023,4,4.98154971320116,1.58243912800873,0.230834039245973,-0.525708728005533
2023-05-01,"London",145.7,360,2.836,4.5,2023,5,4.98154971320116,1.58243912800873,-0.465698940644088,-0.512613513256039
2023-06-01,"London",145.2,585,2.82,4.69318181818182,2023,6,4.9781121023907,1.69647933555382,-0.370138013525024,-0.513699126914029
2023-07-01,"London",145.2,1035,1.596,4.90476190476191,2023,7,4.9781121023907,1.82138051524605,-0.179016159286898,-0.596748571750193
2023-08-01,"London",145.2,4060,1.756,5,2023,8,4.9781121023907,1.87760201812542,1.10574741642495,-0.585892435170302
2023-09-01,"London",145.2,940,2.028,5,2023,9,4.9781121023907,1.87760201812542,-0.219364106292725,-0.567437002984488
2023-10-01,"London",144.9,335,2.425,5,2023,10,4.97604384932664,1.87760201812542,-0.476316821435095,-0.540500214095634
2023-11-01,"London",144.4,545,2.007,5,2023,11,4.97258722645873,1.87760201812542,-0.387126622790636,-0.568861870910599
2023-12-01,"London",144.4,2595,0.884,5,2023,12,4.97258722645873,1.87760201812542,0.48353960207194,-0.645058379530707
2024-01-01,"London",144.4,620,2.378,5,2024,1,4.97258722645873,1.87760201812542,-0.355272980417615,-0.543689204215977
2024-02-01,"London",144.4,570,2.71,5,2024,2,4.97258722645873,1.87760201812542,-0.376508741999629,-0.521162720812704
2024-03-01,"London",144,690,6.699,5,2024,3,4.969813299576,1.87760201812542,-0.325542914202795,-0.250505665705302
2024-04-01,"London",144.6,1310,5.121,5,2024,4,4.97397130972466,1.87760201812542,-0.0622194705858208,-0.357574312724474
2024-05-01,"London",143.4,470,1.786,5,2024,5,4.96563792816552,1.87760201812542,-0.418980265163657,-0.583856909561573
2024-06-01,"London",143.4,595,2.222,4.7875,2024,6,4.96563792816552,1.75215778982583,-0.365890861208622,-0.55427393738137
2024-07-01,"London",143.5,680,7.214,4.69565217391304,2024,7,4.96633503519968,1.6979376502283,-0.329790066519198,-0.215562476088778
2024-08-01,"London",143.5,2435,5.566,4.5,2024,8,4.96633503519968,1.58243912800873,0.415585165009495,-0.327380682861653
2024-09-01,"London",143.5,795,2.332,4.28571428571429,2024,9,4.96633503519968,1.45594074653016,-0.280947814880565,-0.546810343482696
2024-10-01,"London",142.9,470,6.153,4.1195652173913,2024,10,4.96214508493582,1.35785866813734,-0.418980265163657,-0.287552231784179
2024-11-01,"London",142.5,570,2.203,3.75,2024,11,4.95934199970871,1.1396947928337,-0.376508741999629,-0.555563103600232
2024-12-01,"London",142.5,1510,5.564,3.43181818181818,2024,12,4.95934199970871,0.951863862759449,0.0227235757422354,-0.327516384568902
2016-01-01,"Ottawa-Gatineau",99,400,4.836,0.5,2016,1,4.59511985013459,-0.778863992924754,-0.448710331378476,-0.376911806007405
2016-02-01,"Ottawa-Gatineau",99,295,3.344,0.5,2016,2,4.59511985013459,-0.778863992924754,-0.493305430700706,-0.478145279614886
2016-03-01,"Ottawa-Gatineau",98.8,255,3.735,0.5,2016,3,4.59309760475382,-0.778863992924754,-0.510294039966317,-0.451615595847778
2016-04-01,"Ottawa-Gatineau",98.8,275,4.083,0.5,2016,4,4.59309760475382,-0.778863992924754,-0.501799735333512,-0.428003498786516
2016-05-01,"Ottawa-Gatineau",99,415,6.084,0.5,2016,5,4.59511985013459,-0.778863992924754,-0.442339602903872,-0.292233940684257
2016-06-01,"Ottawa-Gatineau",99.2,520,5.392,0.5,2016,6,4.59713801429083,-0.778863992924754,-0.397744503581643,-0.339186731392284
2016-07-01,"Ottawa-Gatineau",99.2,410,4.551,0.5,2016,7,4.59713801429083,-0.778863992924754,-0.444463179062074,-0.396249299290335
2016-08-01,"Ottawa-Gatineau",99.2,1765,5.758,0.5,2016,8,4.59713801429083,-0.778863992924754,0.131025959810507,-0.314353318965784
2016-09-01,"Ottawa-Gatineau",99.3,955,8.2,0.5,2016,9,4.59814557105113,-0.778863992924754,-0.21299337781812,-0.148661534415202
2016-10-01,"Ottawa-Gatineau",99.5,310,6.814,0.5,2016,10,4.60015764416455,-0.778863992924754,-0.486934702226102,-0.242702817538505
2016-11-01,"Ottawa-Gatineau",99.7,300,4.204,0.5,2016,11,4.60216567696779,-0.778863992924754,-0.491181854542505,-0.419793545497973
2016-12-01,"Ottawa-Gatineau",100,685,5.979,0.5,2016,12,4.60517018598809,-0.778863992924754,-0.327666490360996,-0.29935828031481
2017-01-01,"Ottawa-Gatineau",100.1,320,7.882,0.5,2017,1,4.60616968632117,-0.778863992924754,-0.482687549909699,-0.170238105867734
2017-02-01,"Ottawa-Gatineau",100.2,180,9.397,0.5,2017,2,4.60716818865076,-0.778863992924754,-0.542147682339338,-0.0674440626268937
2017-03-01,"Ottawa-Gatineau",100.8,195,3.51,0.5,2017,3,4.61313835563727,-0.778863992924754,-0.535776953864734,-0.46688203791325
2017-04-01,"Ottawa-Gatineau",101.1,195,5.683,0.5,2017,4,4.61611012602643,-0.778863992924754,-0.535776953864734,-0.319442132987608
2017-05-01,"Ottawa-Gatineau",101.5,355,7.035,0.5,2017,5,4.62005879848184,-0.778863992924754,-0.467822516802289,-0.227707778887531
2017-06-01,"Ottawa-Gatineau",102.4,370,6.583,0.5,2017,6,4.62888671260541,-0.778863992924754,-0.461451788327685,-0.258376364725723
2017-07-01,"Ottawa-Gatineau",102.7,485,9.14,0.666666666666667,2017,7,4.63181211693451,-0.680476362885859,-0.412609536689053,-0.0848817320083432
2017-08-01,"Ottawa-Gatineau",103.1,2210,7.091,0.75,2017,8,4.63569939102291,-0.631282547866411,0.320024237890432,-0.223908131084569
2017-09-01,"Ottawa-Gatineau",103.1,1195,7.62,0.964285714285714,2017,9,4.63569939102291,-0.504784166387832,-0.111061722224453,-0.188015029517306
2017-10-01,"Ottawa-Gatineau",104.1,415,5.764,1,2017,10,4.64535197562092,-0.483701102808068,-0.442339602903872,-0.313946213844038
2017-11-01,"Ottawa-Gatineau",104.6,375,11.21,1,2017,11,4.65014355163082,-0.483701102808068,-0.459328212169483,0.0555695349939936
2017-12-01,"Ottawa-Gatineau",104.7,820,9.39,1,2017,12,4.65109911787649,-0.483701102808068,-0.270329934089558,-0.0679190186022639
2018-01-01,"Ottawa-Gatineau",104.8,525,6.718,1.1195652173913,2018,1,4.65205377188694,-0.413118672562776,-0.395620927423441,-0.24921649948644
2018-02-01,"Ottawa-Gatineau",105.2,220,2.421,1.25,2018,2,4.65586330030361,-0.336119657749725,-0.525159073073727,-0.540771617510131
2018-03-01,"Ottawa-Gatineau",106.6,210,5.601,1.25,2018,3,4.66908351173174,-0.336119657749725,-0.52940622539013,-0.325005902984802
2018-04-01,"Ottawa-Gatineau",106.7,460,6.734,1.25,2018,4,4.67002115830771,-0.336119657749725,-0.42322741748006,-0.248130885828451
2018-05-01,"Ottawa-Gatineau",106.8,545,6.323,1.25,2018,5,4.67095792652609,-0.336119657749725,-0.387126622790636,-0.276017586668045
2018-06-01,"Ottawa-Gatineau",107.5,750,10.338,1.25,2018,6,4.67749084756772,-0.336119657749725,-0.300060000304378,-0.00359640936641116
2018-07-01,"Ottawa-Gatineau",107.6,550,6.078,1.42045454545455,2018,7,4.67842064772768,-0.235495945209943,-0.385003046632434,-0.292641045806003
2018-08-01,"Ottawa-Gatineau",108.2,2390,10.681,1.5,2018,8,4.68398136641238,-0.188538212691382,0.396472979585683,0.0196764334267297
2018-09-01,"Ottawa-Gatineau",108.4,1100,6.673,1.5,2018,9,4.68582808900555,-0.188538212691382,-0.15140966923028,-0.252269787899534
2018-10-01,"Ottawa-Gatineau",109,415,16.293,1.56521739130435,2018,10,4.69134788222914,-0.150038705284857,-0.442339602903872,0.400455423966398
2018-11-01,"Ottawa-Gatineau",109.7,455,6.691,1.75,2018,11,4.69774936728118,-0.0409567676330392,-0.425350993638261,-0.251048472534296
2018-12-01,"Ottawa-Gatineau",110.1,910,5.459,1.75,2018,12,4.70138904372863,-0.0409567676330392,-0.232105563241933,-0.334640724199455
2019-01-01,"Ottawa-Gatineau",110.3,670,3.28,1.75,2019,1,4.70320392625946,-0.0409567676330392,-0.334037218835601,-0.482487734246843
2019-02-01,"Ottawa-Gatineau",110.4,325,9.469,1.75,2019,2,4.704110133843,-0.0409567676330392,-0.480563973751498,-0.0625588011659429
2019-03-01,"Ottawa-Gatineau",110.5,445,3.844,1.75,2019,3,4.70501552095781,-0.0409567676330392,-0.429598145954664,-0.444219852802728
2019-04-01,"Ottawa-Gatineau",111.1,665,6.349,1.75,2019,4,4.71043069664558,-0.0409567676330392,-0.336160794993802,-0.274253464473813
2019-05-01,"Ottawa-Gatineau",111.8,640,7.455,1.75,2019,5,4.716711560721,-0.0409567676330392,-0.346778675784809,-0.199210420365318
2019-06-01,"Ottawa-Gatineau",112.5,610,9.18,1.75,2019,6,4.72295322164447,-0.0409567676330392,-0.359520132734017,-0.0821676978633706
2019-07-01,"Ottawa-Gatineau",113.5,860,6.486,1.75,2019,7,4.73180283692146,-0.0409567676330392,-0.253341324823947,-0.264957897527281
2019-08-01,"Ottawa-Gatineau",114.1,3130,6.814,1.75,2019,8,4.73707525686803,-0.0409567676330392,0.710762250999491,-0.242702817538505
2019-09-01,"Ottawa-Gatineau",115.2,1195,14.904,1.75,2019,9,4.74666974826179,-0.0409567676330392,-0.111061722224453,0.306210588282222
2019-10-01,"Ottawa-Gatineau",116.2,350,7.372,1.75,2019,10,4.75531284441781,-0.0409567676330392,-0.46994609296049,-0.204842041216136
2019-11-01,"Ottawa-Gatineau",117.3,275,10.788,1.75,2019,11,4.76473475565943,-0.0409567676330392,-0.501799735333512,0.0269364747645317
2019-12-01,"Ottawa-Gatineau",118,860,6.93,1.75,2019,12,4.77068462446567,-0.0409567676330392,-0.253341324823947,-0.234832118518084
2020-01-01,"Ottawa-Gatineau",119.6,425,5.9,1.75,2020,1,4.78415284151653,-0.0409567676330392,-0.438092450587469,-0.304718497751131
2020-02-01,"Ottawa-Gatineau",120.9,190,10.84,1.75,2020,2,4.79496375762075,-0.0409567676330392,-0.537900530022935,0.0304647191529962
2020-03-01,"Ottawa-Gatineau",122.3,200,7.105,0.954545454545455,2020,3,4.80647704269313,-0.510534092818676,-0.533653377706533,-0.222958219133829
2020-04-01,"Ottawa-Gatineau",122.8,495,10.186,0.25,2020,4,4.81055701571304,-0.926445437983097,-0.40836238437265,-0.0139097391173073
2020-05-01,"Ottawa-Gatineau",124,800,7.683,0.25,2020,5,4.82028156560504,-0.926445437983097,-0.278824238722364,-0.183740425738974
2020-06-01,"Ottawa-Gatineau",124.2,460,7.351,0.25,2020,6,4.82189316949938,-0.926445437983097,-0.42322741748006,-0.206266909142247
2020-07-01,"Ottawa-Gatineau",125.9,405,8.107,0.25,2020,7,4.8354879410503,-0.926445437983097,-0.446586755220275,-0.154971663802263
2020-08-01,"Ottawa-Gatineau",127.3,1080,18.987,0.25,2020,8,4.84654650556336,-0.926445437983097,-0.159903973863085,0.583245623630309
2020-09-01,"Ottawa-Gatineau",130.1,1445,12.913,0.25,2020,9,4.86830338551846,-0.926445437983097,-0.00488291431438285,0.171119538716206
2020-10-01,"Ottawa-Gatineau",131.3,340,8.479,0.25,2020,10,4.87748478130875,-0.926445437983097,-0.474193245276893,-0.129731146254017
2020-11-01,"Ottawa-Gatineau",134.1,340,12.657,0.25,2020,11,4.89858579028763,-0.926445437983097,-0.474193245276893,0.153749720188381
2020-12-01,"Ottawa-Gatineau",135.6,545,9.459,0.25,2020,12,4.90970937550629,-0.926445437983097,-0.387126622790636,-0.063237309702186
2021-01-01,"Ottawa-Gatineau",137.9,595,7.369,0.25,2021,1,4.92652878479926,-0.926445437983097,-0.365890861208622,-0.205045593777009
2021-02-01,"Ottawa-Gatineau",139,385,9.774,0.25,2021,2,4.93447393313069,-0.926445437983097,-0.455081059853081,-0.0418642908105261
2021-03-01,"Ottawa-Gatineau",143.5,535,12.81,0.25,2021,3,4.96633503519968,-0.926445437983097,-0.391373775107038,0.164130900792901
2021-04-01,"Ottawa-Gatineau",151.9,575,11.961,0.25,2021,4,5.02322240960173,-0.926445437983097,-0.374385165841427,0.106525526065856
2021-05-01,"Ottawa-Gatineau",154.8,705,14.16,0.25,2021,5,5.04213396115563,-0.926445437983097,-0.319172185728191,0.25572955318573
2021-06-01,"Ottawa-Gatineau",156.8,730,6.749,0.25,2021,6,5.05497110791631,-0.926445437983097,-0.308554304937184,-0.247113123024086
2021-07-01,"Ottawa-Gatineau",157.7,790,7.084,0.25,2021,7,5.06069449396899,-0.926445437983097,-0.283071391038767,-0.22438308705994
2021-08-01,"Ottawa-Gatineau",162.3,2005,10.079,0.25,2021,8,5.08944647452055,-0.926445437983097,0.232957615404174,-0.0211697804551092
2021-09-01,"Ottawa-Gatineau",163,1410,8.869,0.25,2021,9,5.09375020080676,-0.926445437983097,-0.0197479474217927,-0.103269313340533
2021-10-01,"Ottawa-Gatineau",163.8,705,13.888,0.25,2021,10,5.09864617141897,-0.926445437983097,-0.319172185728191,0.237274120999915
2021-11-01,"Ottawa-Gatineau",164.1,435,16.223,0.25,2021,11,5.10047599809605,-0.926445437983097,-0.433845298271067,0.395705864212696
2021-12-01,"Ottawa-Gatineau",164.3,970,4.869,0.25,2021,12,5.10169402504322,-0.926445437983097,-0.206622649343516,-0.374672727837802
2022-01-01,"Ottawa-Gatineau",166.4,760,5.879,0.25,2022,1,5.11439452838711,-0.926445437983097,-0.295812847987975,-0.306143365677242
2022-02-01,"Ottawa-Gatineau",167.1,510,7.028,0.25,2022,2,5.11859243560135,-0.926445437983097,-0.401991655898046,-0.228182734862901
2022-03-01,"Ottawa-Gatineau",169.2,515,9.931,0.478260869565217,2022,3,5.13108144717212,-0.791697162060262,-0.399868079739844,-0.0312117067915083
2022-04-01,"Ottawa-Gatineau",171.8,615,11.864,0.785714285714286,2022,4,5.14633100955016,-0.610199484286648,-0.357396556575816,0.0999439932642971
2022-05-01,"Ottawa-Gatineau",173.6,830,8.41,1,2022,5,5.15675380222625,-0.483701102808068,-0.266082781773156,-0.134412855154095
2022-06-01,"Ottawa-Gatineau",174.8,815,8.753,1.47727272727273,2022,6,5.16364246322143,-0.201954707696685,-0.27245351024776,-0.111140012360954
2022-07-01,"Ottawa-Gatineau",175.8,885,20.988,2.07142857142857,2022,7,5.16934698525108,0.148790804584829,-0.24272344403294,0.719015181732568
2022-08-01,"Ottawa-Gatineau",175.7,3220,14.888,2.5,2022,8,5.16877799519305,0.40178756754199,0.748986621847116,0.305124974624233
2022-09-01,"Ottawa-Gatineau",175.7,2040,21.705,3.07142857142857,2022,9,5.16877799519305,0.739116584818201,0.247822648511584,0.767664243781204
2022-10-01,"Ottawa-Gatineau",175.9,505,12.761,3.32142857142857,2022,10,5.16991565174351,0.886698029876544,-0.404115232056247,0.16080620896531
2022-11-01,"Ottawa-Gatineau",175.1,465,6.095,3.75,2022,11,5.16535723929181,1.1396947928337,-0.421103841321858,-0.291487581294389
2022-12-01,"Ottawa-Gatineau",175.1,1620,4.044,4.13095238095238,2022,12,5.16535723929181,1.36458080435118,0.0694422512226663,-0.430649682077864
2023-01-01,"Ottawa-Gatineau",174.8,925,1.286,4.29761904761905,2023,1,5.16364246322143,1.46296843439008,-0.225734834767329,-0.617782336373731
2023-02-01,"Ottawa-Gatineau",174.7,435,6.367,4.5,2023,2,5.16307021714001,1.58243912800873,-0.433845298271067,-0.273032149108575
2023-03-01,"Ottawa-Gatineau",173.4,540,14.168,4.5,2023,3,5.15560106434644,1.58243912800873,-0.389250198948837,0.256272360014724
2023-04-01,"Ottawa-Gatineau",172.3,1190,11.083,4.5,2023,4,5.14923714353388,1.58243912800873,-0.113185298382654,0.0469524765837053
2023-05-01,"Ottawa-Gatineau",172.2,705,3.707,4.5,2023,5,5.14865659199363,1.58243912800873,-0.319172185728191,-0.453515419749259
2023-06-01,"Ottawa-Gatineau",171.9,810,6.99,4.69318181818182,2023,6,5.1469129123888,1.69647933555382,-0.274577086405961,-0.230761067300625
2023-07-01,"Ottawa-Gatineau",171.1,1185,9.335,4.90476190476191,2023,7,5.14224818089815,1.82138051524605,-0.115308874540856,-0.0716508155516013
2023-08-01,"Ottawa-Gatineau",168.9,3965,10.732,5,2023,8,5.12930682381375,1.87760201812542,1.06539946941913,0.0231368269615699
2023-09-01,"Ottawa-Gatineau",168.2,1820,14.542,5,2023,9,5.12515374753885,1.87760201812542,0.154385297550723,0.281648579270219
2023-10-01,"Ottawa-Gatineau",168.1,495,12.703,5,2023,10,5.12455904041457,1.87760201812542,-0.40836238437265,0.156870859455099
2023-11-01,"Ottawa-Gatineau",166.9,505,9.707,5,2023,11,5.11739483066779,1.87760201812542,-0.404115232056247,-0.0464102980033553
2023-12-01,"Ottawa-Gatineau",166.7,2055,9.741,5,2023,12,5.11619578975675,1.87760201812542,0.254193376986189,-0.0441033689801286
2024-01-01,"Ottawa-Gatineau",166.1,1100,3.37,5,2024,1,5.11259001661925,1.87760201812542,-0.15140966923028,-0.476381157420654
2024-02-01,"Ottawa-Gatineau",166.4,565,5.511,5,2024,2,5.11439452838711,1.87760201812542,-0.37863231815783,-0.331112479810991
2024-03-01,"Ottawa-Gatineau",164.9,710,6.822,5,2024,3,5.10533922956555,1.87760201812542,-0.317048609569989,-0.242160010709511
2024-04-01,"Ottawa-Gatineau",164.8,1035,4.723,5,2024,4,5.10473261747537,1.87760201812542,-0.179016159286898,-0.384578952466953
2024-05-01,"Ottawa-Gatineau",164.9,490,8.361,5,2024,5,5.10533922956555,1.87760201812542,-0.410485960530851,-0.137737546981686
2024-06-01,"Ottawa-Gatineau",164.4,565,6.225,4.7875,2024,6,5.10230248262208,1.75215778982583,-0.37863231815783,-0.282666970323228
2024-07-01,"Ottawa-Gatineau",164,765,10.957,4.69565217391304,2024,7,5.0998664278242,1.6979376502283,-0.293689271829774,0.0384032690270414
2024-08-01,"Ottawa-Gatineau",164.2,2370,7.24,4.5,2024,8,5.10108519701833,1.58243912800873,0.387978674952877,-0.213798353894546
2024-09-01,"Ottawa-Gatineau",163.8,1025,17.859,4.28571428571429,2024,9,5.09864617141897,1.45594074653016,-0.183263311603301,0.506709860742079
2024-10-01,"Ottawa-Gatineau",163.4,605,7.243,4.1195652173913,2024,10,5.0962011824259,1.35785866813734,-0.361643708892219,-0.213594801333673
2024-11-01,"Ottawa-Gatineau",164,595,9.007,3.75,2024,11,5.0998664278242,1.1396947928337,-0.365890861208622,-0.0939058955403775
2024-12-01,"Ottawa-Gatineau",164.4,995,7.295,3.43181818181818,2024,12,5.10230248262208,0.951863862759449,-0.196004768552509,-0.210066556945209
2016-01-01,"St. Catharines-Niagara",94.7,240,1.568,0.5,2016,1,4.55071400019203,-0.778863992924754,-0.516664768440921,-0.598648395651674
2016-02-01,"St. Catharines-Niagara",95.1,165,1.53,0.5,2016,2,4.55492896955134,-0.778863992924754,-0.548518410813942,-0.601226728089398
2016-03-01,"St. Catharines-Niagara",95.3,140,2.339,0.5,2016,3,4.55702981066016,-0.778863992924754,-0.559136291604949,-0.546335387507325
2016-04-01,"St. Catharines-Niagara",95.9,190,1.983,0.5,2016,4,4.56330598188939,-0.778863992924754,-0.537900530022935,-0.570490291397582
2016-05-01,"St. Catharines-Niagara",96.7,320,2.259,0.5,2016,5,4.57161340245925,-0.778863992924754,-0.482687549909699,-0.551763455797271
2016-06-01,"St. Catharines-Niagara",97.9,235,2.331,0.5,2016,6,4.58394654953646,-0.778863992924754,-0.518788344599123,-0.54687819433632
2016-07-01,"St. Catharines-Niagara",98,215,2.481,0.5,2016,7,4.58496747867057,-0.778863992924754,-0.527282649231928,-0.536700566292672
2016-08-01,"St. Catharines-Niagara",98,690,2.192,0.5,2016,8,4.58496747867057,-0.778863992924754,-0.325542914202795,-0.5563094629901
2016-09-01,"St. Catharines-Niagara",98.8,490,1.826,0.5,2016,9,4.59309760475382,-0.778863992924754,-0.410485960530851,-0.5811428754166
2016-10-01,"St. Catharines-Niagara",99.3,130,1.772,0.5,2016,10,4.59814557105113,-0.778863992924754,-0.563383443921352,-0.584806821512313
2016-11-01,"St. Catharines-Niagara",99.2,190,1.637,0.5,2016,11,4.59713801429083,-0.778863992924754,-0.537900530022935,-0.593966686751596
2016-12-01,"St. Catharines-Niagara",100,625,1.478,0.5,2016,12,4.60517018598809,-0.778863992924754,-0.353149404259413,-0.604754972477862
2017-01-01,"St. Catharines-Niagara",100.9,305,1.428,0.5,2017,1,4.61412992735956,-0.778863992924754,-0.489058278384303,-0.608147515159078
2017-02-01,"St. Catharines-Niagara",101,85,2.059,0.5,2017,2,4.61512051684126,-0.778863992924754,-0.582495629345165,-0.565333626522134
2017-03-01,"St. Catharines-Niagara",101,130,2.019,0.5,2017,3,4.61512051684126,-0.778863992924754,-0.563383443921352,-0.568047660667107
2017-04-01,"St. Catharines-Niagara",102.8,220,2.25,0.5,2017,4,4.63278535302106,-0.778863992924754,-0.525159073073727,-0.552374113479889
2017-05-01,"St. Catharines-Niagara",103.7,435,2.088,0.5,2017,5,4.64150211523548,-0.778863992924754,-0.433845298271067,-0.563365951767029
2017-06-01,"St. Catharines-Niagara",103.8,195,2.284,0.5,2017,6,4.64246597073179,-0.778863992924754,-0.535776953864734,-0.550067184456663
2017-07-01,"St. Catharines-Niagara",103.9,370,2.45,0.666666666666667,2017,7,4.64342889810518,-0.680476362885859,-0.461451788327685,-0.538803942755026
2017-08-01,"St. Catharines-Niagara",103.9,925,1.821,0.75,2017,8,4.64342889810518,-0.631282547866411,-0.225734834767329,-0.581482129684722
2017-09-01,"St. Catharines-Niagara",104.5,530,2.116,0.964285714285714,2017,9,4.64918707140487,-0.504784166387832,-0.39349735126524,-0.561466127865548
2017-10-01,"St. Catharines-Niagara",104.5,190,3.13,1,2017,10,4.64918707140487,-0.483701102808068,-0.537900530022935,-0.49266536229049
2017-11-01,"St. Catharines-Niagara",104.5,185,2.853,1,2017,11,4.64918707140487,-0.483701102808068,-0.540024106181137,-0.511460048744426
2017-12-01,"St. Catharines-Niagara",104.5,550,2.126,1,2017,12,4.64918707140487,-0.483701102808068,-0.385003046632434,-0.560787619329305
2018-01-01,"St. Catharines-Niagara",104.5,350,1.667,1.1195652173913,2018,1,4.64918707140487,-0.413118672562776,-0.46994609296049,-0.591931161142866
2018-02-01,"St. Catharines-Niagara",104.9,125,1.891,1.25,2018,2,4.65300751540225,-0.336119657749725,-0.565507020079554,-0.576732569931019
2018-03-01,"St. Catharines-Niagara",105.1,215,2.23,1.25,2018,3,4.65491227788291,-0.336119657749725,-0.527282649231928,-0.553731130552376
2018-04-01,"St. Catharines-Niagara",105.1,370,2.924,1.25,2018,4,4.65491227788291,-0.336119657749725,-0.461451788327685,-0.5066426381371
2018-05-01,"St. Catharines-Niagara",105.2,280,1.438,1.25,2018,5,4.65586330030361,-0.336119657749725,-0.49967615917531,-0.607469006622835
2018-06-01,"St. Catharines-Niagara",105.7,495,1.616,1.25,2018,6,4.66060489287619,-0.336119657749725,-0.40836238437265,-0.595391554677707
2018-07-01,"St. Catharines-Niagara",105.8,745,0.612,1.42045454545455,2018,7,4.6615505194242,-0.235495945209943,-0.302183576462579,-0.663513811716521
2018-08-01,"St. Catharines-Niagara",105.8,1580,1.078,1.5,2018,8,4.6615505194242,-0.188538212691382,0.0524536419570551,-0.631895313927589
2018-09-01,"St. Catharines-Niagara",105.7,390,2.97,1.5,2018,9,4.66060489287619,-0.188538212691382,-0.452957483694879,-0.503521498870381
2018-10-01,"St. Catharines-Niagara",106,200,2.275,1.56521739130435,2018,10,4.66343909411207,-0.150038705284857,-0.533653377706533,-0.550677842139282
2018-11-01,"St. Catharines-Niagara",106.2,470,1.349,1.75,2018,11,4.66532410880784,-0.0409567676330392,-0.418980265163657,-0.613507732595399
2018-12-01,"St. Catharines-Niagara",106.4,835,2.492,1.75,2018,12,4.66720557690754,-0.0409567676330392,-0.263959205614954,-0.535954206902805
2019-01-01,"St. Catharines-Niagara",106.6,265,1.809,1.75,2019,1,4.66908351173174,-0.0409567676330392,-0.506046887649914,-0.582296339928213
2019-02-01,"St. Catharines-Niagara",106.6,170,2.117,1.75,2019,2,4.66908351173174,-0.0409567676330392,-0.546394834655741,-0.561398277011924
2019-03-01,"St. Catharines-Niagara",106.4,205,3.332,1.75,2019,3,4.66720557690754,-0.0409567676330392,-0.531529801548331,-0.478959489858378
2019-04-01,"St. Catharines-Niagara",106.4,440,3.723,1.75,2019,4,4.66720557690754,-0.0409567676330392,-0.431721722112865,-0.45242980609127
2019-05-01,"St. Catharines-Niagara",106.7,335,2.45,1.75,2019,5,4.67002115830771,-0.0409567676330392,-0.476316821435095,-0.538803942755026
2019-06-01,"St. Catharines-Niagara",106.7,305,1.808,1.75,2019,6,4.67002115830771,-0.0409567676330392,-0.489058278384303,-0.582364190781838
2019-07-01,"St. Catharines-Niagara",106.6,585,1.339,1.75,2019,7,4.66908351173174,-0.0409567676330392,-0.370138013525024,-0.614186241131642
2019-08-01,"St. Catharines-Niagara",106.2,995,2.909,1.75,2019,8,4.66532410880784,-0.0409567676330392,-0.196004768552509,-0.507660400941464
2019-09-01,"St. Catharines-Niagara",106.5,445,4.918,1.75,2019,9,4.66814498514948,-0.0409567676330392,-0.429598145954664,-0.371348036010211
2019-10-01,"St. Catharines-Niagara",107.1,105,2.909,1.75,2019,10,4.6737629774537,-0.0409567676330392,-0.574001324712359,-0.507660400941464
2019-11-01,"St. Catharines-Niagara",107,175,3.17,1.75,2019,11,4.67282883446191,-0.0409567676330392,-0.54427125849754,-0.489951328145518
2019-12-01,"St. Catharines-Niagara",107.4,835,3.039,1.75,2019,12,4.67656018207476,-0.0409567676330392,-0.263959205614954,-0.498839789970303
2020-01-01,"St. Catharines-Niagara",107.4,310,2.212,1.75,2020,1,4.67656018207476,-0.0409567676330392,-0.486934702226102,-0.554952445917614
2020-02-01,"St. Catharines-Niagara",108.6,110,2.748,1.75,2020,2,4.68767140749983,-0.0409567676330392,-0.571877748554158,-0.518584388374979
2020-03-01,"St. Catharines-Niagara",108.7,100,1.583,0.954545454545455,2020,3,4.68859179412716,-0.510534092818676,-0.576124900870561,-0.597630632847309
2020-04-01,"St. Catharines-Niagara",108.9,270,1.383,0.25,2020,4,4.69043002993891,-0.926445437983097,-0.503923311491713,-0.611200803572172
2020-05-01,"St. Catharines-Niagara",109,325,1.199,0.25,2020,5,4.69134788222914,-0.926445437983097,-0.480563973751498,-0.623685360639047
2020-06-01,"St. Catharines-Niagara",110.1,265,4.561,0.25,2020,6,4.70138904372863,-0.926445437983097,-0.506046887649914,-0.395570790754092
2020-07-01,"St. Catharines-Niagara",110.5,145,2.926,0.25,2020,7,4.70501552095781,-0.926445437983097,-0.557012715446748,-0.506506936429851
2020-08-01,"St. Catharines-Niagara",110.5,385,2.226,0.25,2020,8,4.70501552095781,-0.926445437983097,-0.455081059853081,-0.554002533966873
2020-09-01,"St. Catharines-Niagara",111.1,575,1.744,0.25,2020,9,4.71043069664558,-0.926445437983097,-0.374385165841427,-0.586706645413794
2020-10-01,"St. Catharines-Niagara",113.5,175,3.95,0.25,2020,10,4.73180283692146,-0.926445437983097,-0.54427125849754,-0.43702766231855
2020-11-01,"St. Catharines-Niagara",114.7,235,2.28,0.25,2020,11,4.74232002413533,-0.926445437983097,-0.518788344599123,-0.55033858787116
2020-12-01,"St. Catharines-Niagara",115.2,365,2.767,0.25,2020,12,4.74666974826179,-0.926445437983097,-0.463575364485886,-0.517295222156117
2021-01-01,"St. Catharines-Niagara",115.7,290,2.527,0.25,2021,1,4.75100063419963,-0.926445437983097,-0.495429006858907,-0.533579427025954
2021-02-01,"St. Catharines-Niagara",117.1,240,2.118,0.25,2021,2,4.76302827060367,-0.926445437983097,-0.516664768440921,-0.561330426158299
2021-03-01,"St. Catharines-Niagara",120.8,240,3.834,0.25,2021,3,4.79413628550071,-0.926445437983097,-0.516664768440921,-0.444898361338971
2021-04-01,"St. Catharines-Niagara",123.8,380,2.556,0.25,2021,4,4.8186673602505,-0.926445437983097,-0.457204636011282,-0.531611752270848
2021-05-01,"St. Catharines-Niagara",124,200,3.134,0.25,2021,5,4.82028156560504,-0.926445437983097,-0.533653377706533,-0.492393958875993
2021-06-01,"St. Catharines-Niagara",125.5,285,1.731,0.25,2021,6,4.83230575857184,-0.926445437983097,-0.497552583017109,-0.58758870651091
2021-07-01,"St. Catharines-Niagara",125.5,370,2.087,0.25,2021,7,4.83230575857184,-0.926445437983097,-0.461451788327685,-0.563433802620653
2021-08-01,"St. Catharines-Niagara",125.5,1125,2.05,0.25,2021,8,4.83230575857184,-0.926445437983097,-0.140791788439273,-0.565944284204753
2021-09-01,"St. Catharines-Niagara",126,865,3.796,0.25,2021,9,4.83628190695148,-0.926445437983097,-0.251217748665746,-0.447476693776695
2021-10-01,"St. Catharines-Niagara",127.7,300,3.347,0.25,2021,10,4.84968376303849,-0.926445437983097,-0.491181854542505,-0.477941727054013
2021-11-01,"St. Catharines-Niagara",127.7,215,2.576,0.25,2021,11,4.84968376303849,-0.926445437983097,-0.527282649231928,-0.530254735198362
2021-12-01,"St. Catharines-Niagara",128.3,730,2.066,0.25,2021,12,4.85437127162159,-0.926445437983097,-0.308554304937184,-0.564858670546764
2022-01-01,"St. Catharines-Niagara",128.3,460,1.999,0.25,2022,1,4.85437127162159,-0.926445437983097,-0.42322741748006,-0.569404677739593
2022-02-01,"St. Catharines-Niagara",128.3,255,1.839,0.25,2022,2,4.85437127162159,-0.926445437983097,-0.510294039966317,-0.580260814319484
2022-03-01,"St. Catharines-Niagara",128.3,245,1.825,0.478260869565217,2022,3,4.85437127162159,-0.791697162060262,-0.51454119228272,-0.581210726270224
2022-04-01,"St. Catharines-Niagara",128.3,500,5.838,0.785714285714286,2022,4,4.85437127162159,-0.610199484286648,-0.406238808214448,-0.308925250675839
2022-05-01,"St. Catharines-Niagara",130.5,335,2.83,1,2022,5,4.87137322676275,-0.483701102808068,-0.476316821435095,-0.513020618377785
2022-06-01,"St. Catharines-Niagara",130.5,305,1.843,1.47727272727273,2022,6,4.87137322676275,-0.201954707696685,-0.489058278384303,-0.579989410904987
2022-07-01,"St. Catharines-Niagara",130.5,390,1.596,2.07142857142857,2022,7,4.87137322676275,0.148790804584829,-0.452957483694879,-0.596748571750193
2022-08-01,"St. Catharines-Niagara",130.5,1410,2.614,2.5,2022,8,4.87137322676275,0.40178756754199,-0.0197479474217927,-0.527676402760638
2022-09-01,"St. Catharines-Niagara",130.1,635,9.483,3.07142857142857,2022,9,4.86830338551846,0.739116584818201,-0.34890225194301,-0.0616088892152024
2022-10-01,"St. Catharines-Niagara",130.1,180,2.234,3.32142857142857,2022,10,4.86830338551846,0.886698029876544,-0.542147682339338,-0.553459727137878
2022-11-01,"St. Catharines-Niagara",130.1,245,2.54,3.75,2022,11,4.86830338551846,1.1396947928337,-0.51454119228272,-0.532697365928837
2022-12-01,"St. Catharines-Niagara",130.1,1610,3.024,4.13095238095238,2022,12,4.86830338551846,1.36458080435118,0.0651950989062635,-0.499857552774668
2023-01-01,"St. Catharines-Niagara",130,410,3.506,4.29761904761905,2023,1,4.86753445045558,1.46296843439008,-0.444463179062074,-0.467153441327747
2023-02-01,"St. Catharines-Niagara",128.3,145,4.615,4.5,2023,2,4.85437127162159,1.58243912800873,-0.557012715446748,-0.391906844658379
2023-03-01,"St. Catharines-Niagara",128.2,205,1.322,4.5,2023,3,4.85359154448657,1.58243912800873,-0.531529801548331,-0.615339705643256
2023-04-01,"St. Catharines-Niagara",128.1,1115,1.768,4.5,2023,4,4.85281120890269,1.58243912800873,-0.145038940755676,-0.58507822492681
2023-05-01,"St. Catharines-Niagara",127.4,395,2.149,4.5,2023,5,4.84733174313806,1.58243912800873,-0.450833907536678,-0.559227049695945
2023-06-01,"St. Catharines-Niagara",127.4,305,2.108,4.69318181818182,2023,6,4.84733174313806,1.69647933555382,-0.489058278384303,-0.562008934694542
2023-07-01,"St. Catharines-Niagara",127,560,1.651,4.90476190476191,2023,7,4.84418708645859,1.82138051524605,-0.380755894316031,-0.593016774800856
2023-08-01,"St. Catharines-Niagara",126.8,2095,4.877,5,2023,8,4.84261104200313,1.87760201812542,0.2711819862518,-0.374129921008808
2023-09-01,"St. Catharines-Niagara",126.4,745,4.483,5,2023,9,4.83945148171276,1.87760201812542,-0.302183576462579,-0.400863157336789
2023-10-01,"St. Catharines-Niagara",126.5,215,3.931,5,2023,10,4.84024230816757,1.87760201812542,-0.527282649231928,-0.438316828537412
2023-11-01,"St. Catharines-Niagara",126.9,295,1.939,5,2023,11,4.84339937472034,1.87760201812542,-0.493305430700706,-0.573475728957052
2023-12-01,"St. Catharines-Niagara",126.9,1370,0.948,5,2023,12,4.84339937472034,1.87760201812542,-0.0367365566874039,-0.640715924898751
2024-01-01,"St. Catharines-Niagara",126.9,405,1.383,5,2024,1,4.84339937472034,1.87760201812542,-0.446586755220275,-0.611200803572172
2024-02-01,"St. Catharines-Niagara",126.9,235,2.05,5,2024,2,4.84339937472034,1.87760201812542,-0.518788344599123,-0.565944284204753
2024-03-01,"St. Catharines-Niagara",126.9,300,1.602,5,2024,3,4.84339937472034,1.87760201812542,-0.491181854542505,-0.596341466628447
2024-04-01,"St. Catharines-Niagara",126.9,555,1.735,5,2024,4,4.84339937472034,1.87760201812542,-0.382879470474233,-0.587317303096413
2024-05-01,"St. Catharines-Niagara",126.9,190,3.142,5,2024,5,4.84339937472034,1.87760201812542,-0.537900530022935,-0.491851152046998
2024-06-01,"St. Catharines-Niagara",126.2,235,0.885,4.7875,2024,6,4.83786795010711,1.75215778982583,-0.518788344599123,-0.644990528677083
2024-07-01,"St. Catharines-Niagara",126.1,335,1.644,4.69565217391304,2024,7,4.83707524297087,1.6979376502283,-0.476316821435095,-0.593491730776226
2024-08-01,"St. Catharines-Niagara",125.7,975,2.334,4.5,2024,8,4.8338981155962,1.58243912800873,-0.204499073185315,-0.546674641775447
2024-09-01,"St. Catharines-Niagara",125.3,1150,0.743,4.28571428571429,2024,9,4.83071086190202,1.45594074653016,-0.130173907648266,-0.654625349891736
2024-10-01,"St. Catharines-Niagara",125.4,260,1.13,4.1195652173913,2024,10,4.83150862819882,1.35785866813734,-0.508170463808116,-0.628367069539125
2024-11-01,"St. Catharines-Niagara",125.3,280,3.552,3.75,2024,11,4.83071086190202,1.1396947928337,-0.49967615917531,-0.464032302061028
2024-12-01,"St. Catharines-Niagara",125.3,915,0.667,3.43181818181818,2024,12,4.83071086190202,0.951863862759449,-0.229981987083732,-0.659782014767184
2016-01-01,"Toronto",92.8,1890,24.68,0.5,2016,1,4.53044663979215,-0.778863992924754,0.184115363765542,0.969520533313548
2016-02-01,"Toronto",93.2,1330,45.503,0.5,2016,2,4.53474772169155,-0.778863992924754,-0.0537251659530152,2.38237885833271
2016-03-01,"Toronto",93.5,1160,54.679,0.5,2016,3,4.53796143629464,-0.778863992924754,-0.125926755331863,3.00497829118944
2016-04-01,"Toronto",94.2,1715,37.967,0.5,2016,4,4.54542018158232,-0.778863992924754,0.109790198228493,1.87105482541985
2016-05-01,"Toronto",96,2805,33.537,0.5,2016,5,4.56434819146784,-0.778863992924754,0.572729800716399,1.57047554386413
2016-06-01,"Toronto",96.4,3165,46.504,0.5,2016,6,4.5685062016165,-0.778863992924754,0.7256272841069,2.45029756281065
2016-07-01,"Toronto",97.4,2205,40.608,0.5,2016,7,4.57882621064849,-0.778863992924754,0.317900661732231,2.05024892984167
2016-08-01,"Toronto",98,7110,40.805,0.5,2016,8,4.58496747867057,-0.778863992924754,2.40112887292781,2.06361554800566
2016-09-01,"Toronto",98.3,4355,30.004,0.5,2016,9,4.58802402715312,-0.778863992924754,1.23103840975883,1.33075847800941
2016-10-01,"Toronto",99.6,1570,49.416,0.5,2016,10,4.60116216459055,-0.778863992924754,0.0482064896406523,2.64787924856466
2016-11-01,"Toronto",100,2070,30.303,0.5,2016,11,4.60517018598809,-0.778863992924754,0.260564105460793,1.35104588324308
2016-12-01,"Toronto",100,4070,33.813,0.5,2016,12,4.60517018598809,-0.778863992924754,1.10999456874135,1.58920237946444
2017-01-01,"Toronto",100.2,1670,51.918,0.5,2017,1,4.60716818865076,-0.778863992924754,0.0906780128046804,2.8176420843327
2017-02-01,"Toronto",101.2,895,36.8,0.5,2017,2,4.61709875685337,-0.778863992924754,-0.238476291716537,1.79187287924027
2017-03-01,"Toronto",101.4,1115,51.355,0.5,2017,3,4.61907309115708,-0.778863992924754,-0.145038940755676,2.77944205374221
2017-04-01,"Toronto",103.5,1675,40.178,0.5,2017,4,4.63957161270542,-0.778863992924754,0.0928015889628818,2.02107306278322
2017-05-01,"Toronto",104.6,2405,22.106,0.5,2017,5,4.65014355163082,-0.778863992924754,0.402843708060287,0.794872436084555
2017-06-01,"Toronto",104.6,2070,35.622,0.5,2017,6,4.65014355163082,-0.778863992924754,0.260564105460793,1.71194457367083
2017-07-01,"Toronto",104.6,3290,44.423,0.666666666666667,2017,7,4.65014355163082,-0.680476362885859,0.778716688061936,2.30909993641844
2017-08-01,"Toronto",104.6,10365,53.775,0.75,2017,8,4.65014355163082,-0.631282547866411,3.78357695191692,2.94364111951306
2017-09-01,"Toronto",104.6,5440,35.22,0.964285714285714,2017,9,4.65014355163082,-0.504784166387832,1.69185443608854,1.68466853051385
2017-10-01,"Toronto",104.7,2260,28.979,1,2017,10,4.65109911787649,-0.483701102808068,0.341259999472446,1.26121135304449
2017-11-01,"Toronto",104.7,2320,45.114,1,2017,11,4.65109911787649,-0.483701102808068,0.366742913370863,2.35598487627285
2017-12-01,"Toronto",104.7,4560,25.437,1,2017,12,4.65109911787649,-0.483701102808068,1.31810503224509,1.02088362950716
2018-01-01,"Toronto",104.6,2670,40.122,1.1195652173913,2018,1,4.65014355163082,-0.413118672562776,0.515393244444961,2.01727341498026
2018-02-01,"Toronto",104,1210,71.674,1.25,2018,2,4.64439089914137,-0.336119657749725,-0.104690993749849,4.15810354853472
2018-03-01,"Toronto",103.7,1475,37.674,1.25,2018,3,4.64150211523548,-0.336119657749725,0.00785854263482558,1.85117452530793
2018-04-01,"Toronto",103.2,3375,26.377,1.25,2018,4,4.63666885304746,-0.336119657749725,0.814817482751359,1.08466343191401
2018-05-01,"Toronto",103.2,3020,23.261,1.25,2018,5,4.63666885304746,-0.336119657749725,0.66404357551906,0.873240172020641
2018-06-01,"Toronto",103.2,3995,55,1.25,2018,6,4.63666885304746,-0.336119657749725,1.07814092636833,3.02675841520285
2018-07-01,"Toronto",103.3,3410,39.647,1.42045454545455,2018,7,4.63763737612559,-0.235495945209943,0.829682515858769,1.9850442595087
2018-08-01,"Toronto",103.3,9210,29.037,1.5,2018,8,4.63763737612559,-0.188538212691382,3.2930308593724,1.2651467025547
2018-09-01,"Toronto",103.3,4535,42.087,1.5,2018,9,4.63763737612559,-0.188538212691382,1.30748715145409,2.15060034235204
2018-10-01,"Toronto",103.2,2185,44.694,1.56521739130435,2018,10,4.63666885304746,-0.150038705284857,0.309406357099425,2.32748751775063
2018-11-01,"Toronto",103.3,2755,48.704,1.75,2018,11,4.63763737612559,-0.0409567676330392,0.551494039134385,2.59956944078415
2018-12-01,"Toronto",103.2,4975,38.053,1.75,2018,12,4.63666885304746,-0.0409567676330392,1.49436185337581,1.87688999883154
2019-01-01,"Toronto",103,3175,39.433,1.75,2019,1,4.63472898822964,-0.0409567676330392,0.729874436423303,1.9705241768331
2019-02-01,"Toronto",103,1680,20.82,1.75,2019,2,4.63472898822964,-0.0409567676330392,0.0949251651210832,0.707616238323683
2019-03-01,"Toronto",103,2565,31.881,1.75,2019,3,4.63472898822964,-0.0409567676330392,0.470798145122732,1.45811453026226
2019-04-01,"Toronto",102.9,3885,37.93,1.75,2019,4,4.63375764284,-0.0409567676330392,1.0314222508879,1.86854434383575
2019-05-01,"Toronto",102.6,3645,20.127,1.75,2019,5,4.63083793273667,-0.0409567676330392,0.929490595294235,0.660595596762031
2019-06-01,"Toronto",102.6,3325,34.704,1.75,2019,6,4.63083793273667,-0.0409567676330392,0.793581721169345,1.6496574900437
2019-07-01,"Toronto",102,4790,32.238,1.75,2019,7,4.62497281328427,-0.0409567676330392,1.41578953552236,1.48233728500614
2019-08-01,"Toronto",102,13470,36.383,1.75,2019,8,4.62497281328427,-0.0409567676330392,5.10231774616,1.76357907327893
2019-09-01,"Toronto",102.3,5490,32.729,1.75,2019,9,4.62790967295758,-0.0409567676330392,1.71309019767055,1.51565205413568
2019-10-01,"Toronto",102.4,1955,32.16,1.75,2019,10,4.62888671260541,-0.0409567676330392,0.21172185382216,1.47704491842344
2019-11-01,"Toronto",102.3,1595,24.001,1.75,2019,11,4.62790967295758,-0.0409567676330392,0.0588243704316593,0.923449803702636
2019-12-01,"Toronto",102.5,5915,22.092,1.75,2019,12,4.62986279857846,-0.0409567676330392,1.89359417111767,0.793922524133814
2020-01-01,"Toronto",102.1,2415,32.16,1.75,2020,1,4.62595272517062,-0.0409567676330392,0.40709086037669,1.47704491842344
2020-02-01,"Toronto",102.5,1300,30.982,1.75,2020,2,4.62986279857846,-0.0409567676330392,-0.0664666229022236,1.397116612854
2020-03-01,"Toronto",102.8,1210,24.187,0.954545454545455,2020,3,4.63278535302106,-0.510534092818676,-0.104690993749849,0.936070062476759
2020-04-01,"Toronto",102.8,2630,60.729,0.25,2020,4,4.63278535302106,-0.926445437983097,0.49840463517935,3.41547595561656
2020-05-01,"Toronto",102.8,4600,29.931,0.25,2020,5,4.63278535302106,-0.926445437983097,1.3350936415107,1.32580536569484
2020-06-01,"Toronto",102.8,2870,40.197,0.25,2020,6,4.63278535302106,-0.926445437983097,0.600336290773017,2.02236222900208
2020-07-01,"Toronto",103.1,2115,47.87,0.25,2020,7,4.63569939102291,-0.926445437983097,0.279676290884605,2.54298182886147
2020-08-01,"Toronto",103.4,6020,61.455,0.25,2020,8,4.63860496207433,-0.926445437983097,1.9381892704399,3.46473567534782
2020-09-01,"Toronto",104.2,7055,33.443,0.25,2020,9,4.64631212931927,-0.926445437983097,2.37776953518759,1.56409756362344
2020-10-01,"Toronto",104.8,1945,36.5,0.25,2020,10,4.65205377188694,-0.926445437983097,0.207474701505758,1.77151762315298
2020-11-01,"Toronto",105.1,1640,34.484,0.25,2020,11,4.65491227788291,-0.926445437983097,0.0779365558554719,1.63473030224635
2020-12-01,"Toronto",105.5,2955,31.677,0.25,2020,12,4.65871095291612,-0.926445437983097,0.636437085462441,1.4442729561229
2021-01-01,"Toronto",106.2,2790,36.042,0.25,2021,1,4.66532410880784,-0.926445437983097,0.566359072241795,1.74044193219304
2021-02-01,"Toronto",107.7,1930,21.221,0.25,2021,2,4.67934958416234,-0.926445437983097,0.201103973031153,0.734824430627034
2021-03-01,"Toronto",108.6,2785,62.19,0.25,2021,3,4.68767140749983,-0.926445437983097,0.564235496083594,3.51460605276169
2021-04-01,"Toronto",109.5,4040,34.345,0.25,2021,4,4.69592454925656,-0.926445437983097,1.09725311179215,1.62529903359257
2021-05-01,"Toronto",109.9,3870,31.921,0.25,2021,5,4.69957086140958,-0.926445437983097,1.0250515224133,1.46082856440723
2021-06-01,"Toronto",110,4525,36.992,0.25,2021,6,4.70048036579242,-0.926445437983097,1.30323999913768,1.80490024313614
2021-07-01,"Toronto",110.2,5050,46.685,0.25,2021,7,4.70229689671881,-0.926445437983097,1.52621549574883,2.46257856731665
2021-08-01,"Toronto",111.1,12585,46.39,0.25,2021,8,4.71043069664558,-0.926445437983097,4.72644476615835,2.44256256549748
2021-09-01,"Toronto",111.1,11405,55.312,0.25,2021,9,4.71043069664558,-0.926445437983097,4.22528079282282,3.04792788153364
2021-10-01,"Toronto",112.5,3945,31.64,0.25,2021,10,4.72295322164447,-0.926445437983097,1.05690516478632,1.4417624745388
2021-11-01,"Toronto",114.1,2930,70.309,0.25,2021,11,4.73707525686803,-0.926445437983097,0.625819204671434,4.06548713333752
2021-12-01,"Toronto",114.1,8890,29.284,0.25,2021,12,4.73707525686803,-0.926445437983097,3.15712198524751,1.2819058633999
2022-01-01,"Toronto",114.1,6135,21.196,0.25,2022,1,4.73707525686803,-0.926445437983097,1.98703152207853,0.733128159286426
2022-02-01,"Toronto",114.8,4175,63.122,0.25,2022,2,4.74319148388547,-0.926445437983097,1.15458966806358,3.57784304833955
2022-03-01,"Toronto",115.6,3920,38.481,0.478260869565217,2022,3,4.75013595623828,-0.791697162060262,1.04628728399531,1.90593016418275
2022-04-01,"Toronto",115.6,7610,25.16,0.785714285714286,2022,4,4.75013595623828,-0.610199484286648,2.61348648874795,1.00208894305322
2022-05-01,"Toronto",115.6,6170,40.263,1,2022,5,4.75013595623828,-0.483701102808068,2.00189655518594,2.02684038534128
2022-06-01,"Toronto",115.6,5115,50.963,1.47727272727273,2022,6,4.75013595623828,-0.201954707696685,1.55382198580545,2.75284451912148
2022-07-01,"Toronto",115.6,5505,39.755,2.07142857142857,2022,7,4.75013595623828,0.148790804584829,1.71946092614516,1.99237215170013
2022-08-01,"Toronto",115.6,19965,52.765,2.5,2022,8,4.75013595623828,0.40178756754199,7.86084317566362,2.8751117573525
2022-09-01,"Toronto",115.6,9940,64.939,3.07142857142857,2022,9,4.75013595623828,0.739116584818201,3.6030729784698,3.70112804937494
2022-10-01,"Toronto",115.6,2935,33.846,3.32142857142857,2022,10,4.75013595623828,0.886698029876544,0.627942780829636,1.59144145763404
2022-11-01,"Toronto",115.6,3195,40.745,3.75,2022,11,4.75013595623828,1.1396947928337,0.738368741056109,2.05954449678821
2022-12-01,"Toronto",115.6,16080,70.721,4.13095238095238,2022,12,4.75013595623828,1.36458080435118,6.21082450074113,4.09344168503074
2023-01-01,"Toronto",115.6,5985,33.722,4.29761904761905,2023,1,4.75013595623828,1.46296843439008,1.92332423733249,1.58302795178462
2023-02-01,"Toronto",115.2,2615,53.733,4.5,2023,2,4.74666974826179,1.58243912800873,0.492033906704746,2.94079138366084
2023-03-01,"Toronto",115.2,3285,38.52,4.5,2023,3,4.74666974826179,1.58243912800873,0.776593111903734,1.9085763474741
2023-04-01,"Toronto",115.2,11415,59.801,4.5,2023,4,4.74666974826179,1.58243912800873,4.22952794513922,3.3525103634532
2023-05-01,"Toronto",115.1,5280,43.205,4.5,2023,5,4.74580131572784,1.58243912800873,1.62389999902609,2.22645759670403
2023-06-01,"Toronto",115.1,5035,86.24,4.69318181818182,2023,6,4.74580131572784,1.69647933555382,1.51984476727423,5.14641908242652
2023-07-01,"Toronto",115.1,7110,61.305,4.90476190476191,2023,7,4.74580131572784,1.82138051524605,2.40112887292781,3.45455804730417
2023-08-01,"Toronto",115,25350,48.725,5,2023,8,4.74493212836325,1.87760201812542,10.1479346980465,2.60099430871026
2023-09-01,"Toronto",115,9165,57.897,5,2023,9,4.74493212836325,1.87760201812542,3.27391867394859,3.2233223381525
2023-10-01,"Toronto",114.9,3020,43.774,5,2023,10,4.74406218485471,1.87760201812542,0.66404357551906,2.26506473241626
2023-11-01,"Toronto",114.7,3690,26.595,5,2023,11,4.74232002413533,1.87760201812542,0.948602780718048,1.09945491800412
2023-12-01,"Toronto",114.6,14155,17.529,5,2023,12,4.74144780428064,1.87760201812542,5.39324767983359,0.484319079046055
2024-01-01,"Toronto",114.6,6475,49.112,5,2024,1,4.74144780428064,1.87760201812542,2.13143470083623,2.62725258906287
2024-02-01,"Toronto",114.5,3115,57.342,5,2024,2,4.74057482299429,1.87760201812542,0.704391522524886,3.185665114391
2024-03-01,"Toronto",114.5,4860,42.221,5,2024,3,4.74057482299429,1.87760201812542,1.44551960173718,2.1596923567377
2024-04-01,"Toronto",114.5,9000,37.316,5,2024,4,4.74057482299429,1.87760201812542,3.20384066072794,1.82688391971042
2024-05-01,"Toronto",114.5,3800,54.39,5,2024,5,4.74057482299429,1.87760201812542,0.995321456198479,2.98536939449201
2024-06-01,"Toronto",114.3,3555,34.424,4.7875,2024,6,4.73882657080077,1.75215778982583,0.89126622444661,1.6306592510289
2024-07-01,"Toronto",114.5,3540,65.143,4.69565217391304,2024,7,4.74057482299429,1.6979376502283,0.884895495972006,3.7149696235143
2024-08-01,"Toronto",114.6,11225,24.783,4.5,2024,8,4.74144780428064,1.58243912800873,4.14883205112756,0.976509171236852
2024-09-01,"Toronto",114.6,5120,19.753,4.28571428571429,2024,9,4.74144780428064,1.45594074653016,1.55594556196365,0.635219377506536
2024-10-01,"Toronto",113.2,3500,28.821,4.1195652173913,2024,10,4.72915616576908,1.35785866813734,0.867906886706394,1.25049091817185
2024-11-01,"Toronto",113.5,3300,26.31,3.75,2024,11,4.73180283692146,1.1396947928337,0.782963840378338,1.08011742472118
2024-12-01,"Toronto",113.1,5335,12.078,3.43181818181818,2024,12,4.72827238312207,0.951863862759449,1.64725933676631,0.114464075939901
